Name Vorleistung;Institution / Anbieter;Modul;Kursname;Modulcode;ECTS;Zusatz;Nummer;Prfungsleistung;URL;Art der Vorleistung;Geprft von;Geprft am;Rahmenlehrplan / Modulhandbuch;;Bemerkung;;;;;;;;;;;
Staatlich anerkannter Altenpfleger;;Ambulante Kranken- und Altenpflege;Ambulante Kranken- und Altenpflege I;DLBPMAKAP01;5;*zur Wahl;1;;;Ausbildung;;;;;;;;;;;;;;;;
Staatlich anerkannter Altenpfleger;;Gesundheit und Pr„vention;Gesundheit und Pr„vention;DLGGUP01;5;;1;;;;;;;;;;;;;;;;;;;
Staatlich anerkannter Altenpfleger;;Kollaboratives Arbeiten;Kollaboratives Arbeiten;DLBKA01;5;;1;;;;;;;;;;;;;;;;;;;
Staatlich anerkannter Altenpfleger;;Sozialpolitik;Sozialpolitik;DLGSPO01-01;5;;1;;;;;;;;;;;;;;;;;;;
Staatlich anerkannter Altenpfleger;;Station„re Kranken- und Altenpflege;Station„re Kranken- und Altenpflege I;DLBPMSKAP02;5;*zur Wahl;1;;;;;;;;;;;;;;;;;;;
;;;;;;;;;;;;;;;;;;;;;;;;;;
Bankkaufmann/-frau;IHK;Betriebswirtschaftslehre;BWL I;BBWL01-01;3;;2;;https://www.iubh-fernstudium.de/modul/betriebswirtschaftslehre-bbwl-01/;;;;;;;;;;;;;;;;;
Bankkaufmann/-frau;IHK;Buchfhrung und Bilanzierung;Buchfhrung und Bilanzierung I;BBUB01-01;3;;2;;https://www.iubh-fernstudium.de/modul/buchfuehrung-und-bilanzierung-bbub-01/;;;;;;;;;;;;;;;;;
Bankkaufmann/-frau;IHK;Buchfhrung und Bilanzierung;Buchfhrung und Bilanzierung II;BBUB02-01;2;hier k”nnte noch was stehen;2;;https://www.iubh-fernstudium.de/modul/buchfuehrung-und-bilanzierung-bbub-01/;;;;;;;;;;;;;;;;;
Bankkaufmann/-frau;IHK;Computer Training;Computer Training;BCTR01-01;5;*zur Wahl;2;;;;;;;;;;;;;;;;;;;
Bankkaufmann/-frau;IHK;Financial Services Management I;Financial Services Management I;BWFS01;5;;2;;;;;;;;;;;;;;;;;;;
Bankkaufmann/-frau;IHK;Kollaboratives Arbeiten;Kollaboratives Arbeiten;DLBKA01;5;;2;;;;;;;;;;;;;;;;;;;
Bankkaufmann/-frau;IHK;Kosten- und Leistungsrechnung;Kosten- und Leistungsrechnung I;BKLR01-01;3;;2;;;;;;;;;;;;;;;;;;;
Bankkaufmann/-frau;IHK;Marketing;Marketing I;BMAR01-01;3;;2;;;;;;;;;;;;;;;;;;;
Bankkaufmann/-frau;IHK;™konomie und Markt;™konomie und Markt;DLBOUM01;5;;2;;;;;;;;;;;;;;;;;;;
Bankkaufmann/-frau;IHK;Recht;Recht I;BREC01-02;3;;2;;;;;;;;;;;;;;;;;;;
;;;;;;;;;;;;;;;;;;;;;;;;;;
Kaufmann/-frau fr Gesundheitswesen;IHK;Betriebswirtschaftslehre;BWL I;BBWL01-01;3;;3;;;;;;;;;;;;;;;;;;;
Kaufmann/-frau fr Gesundheitswesen;IHK;Buchfhrung und Bilanzierung;Buchfhrung und Bilanzierung I;BBUB01-01;3;;3;;;;;;;;;;;;;;;;;;;
Kaufmann/-frau fr Gesundheitswesen;IHK;Kollaboratives Arbeiten;Kollaboratives Arbeiten;DLBKA01;5;;3;;;;;;;;;;;;;;;;;;;
Kaufmann/-frau fr Gesundheitswesen;IHK;Kosten- und Leistungsrechnung;Kosten- und Leistungsrechnung I;BKLR01-01;3;;3;;;;;;;;;;;;;;;;;;;
Kaufmann/-frau fr Gesundheitswesen;IHK;Personalwesen;Personalwesen I;BPER01-01;3;;3;;;;;;;;;;;;;;;;;;;
Kaufmann/-frau fr Gesundheitswesen;IHK;Recht;Recht I;BREC01-02;3;;3;;;;;;;;;;;;;;;;;;;
;;;;;;;;;;;;;;;;;;;;;;;;;;
Assistent fr Hotelmanagement;;Buchfhrung und Bilanzierung;Buchfhrung und Bilanzierung I (Einfhrung);BBUB01-01;3;;4;;;;;;;;;;;;;;;;;;;
Assistent fr Hotelmanagement;;Betriebswirtschaftslehre;BWL I (Einfhrung);BBWL01;3;;4;;;;;;;;;;;;;;;;;;;
Assistent fr Hotelmanagement;;Computer Training;Computer Training;BCTR01-01;5;;4;;;;;;;;;;;;;;;;;;;
Assistent fr Hotelmanagement;;Kosten- und Leistungsrechnung;Kosten- und Leistungsrechnung I (Einfhrung);BKLR01;3;;4;;;;;;;;;;;;;;;;;;;
Assistent fr Hotelmanagement;;Marketing;Marketing I;BMAR01-01;3;;4;;;;;;;;;;;;;;;;;;;
Assistent fr Hotelmanagement;;Recht;Recht I (Einfhrung);BREC01-01;3;;4;;;;;;;;;;;;;;;;;;;
Assistent fr Hotelmanagement;;;Selbst- und Zeitmanagement;BWIR02;5;;4;;;;;;;;;;;;;;;;;;;
Assistent fr Hotelmanagement;;Personalwesen;Personalwesen I (Einfhrung);BPER01;3;;4;;;;;;;;;;;;;;;;;;;
;;;;;;;;;;;;;;;;;;;;;;;;;;
Automobilkaufmann;;Buchfhrung und Bilanzierung;Buchfhrung und Bilanzierung I (Einfhrung);BBUB01-01;3;;5;;;;;;;;;;;;;;;;;;;
Automobilkaufmann;;Business Controlling;Business Controlling I;BWBC01;5;;5;;;;;;;;;;;;;;;;;;;
Automobilkaufmann;;Betriebswirtschaftslehre;BWL I (Einfhrung);BBWL01;3;;5;;;;;;;;;;;;;;;;;;;
Automobilkaufmann;;Computer Training;Computer Training;BCTR01-01;5;;5;;;;;;;;;;;;;;;;;;;
Automobilkaufmann;;Kosten- und Leistungsrechnung;Kosten- und Leistungsrechnung I (Einfhrung);BKLR01;3;;5;;;;;;;;;;;;;;;;;;;
Automobilkaufmann;;Marketing;Marketing I;BMAR01-01;3;;5;;;;;;;;;;;;;;;;;;;
Automobilkaufmann;;;Selbst- und Zeitmanagement;BWIR02;5;;5;;;;;;;;;;;;;;;;;;;
Automobilkaufmann;;Controlling;Controlling I (Einfhrung);BCON01;3;;5;;;;;;;;;;;;;;;;;;;
;;;;;;;;;;;;;;;;;;;;;;;;;;
Bankkaufmann mit Zusatz Finanzassistent;IHK;;Buchfhrung und Bilanzierung I (Einfhrung);BBUB01-01;3;;6;;;;;;;;;;;;;;;;;;;
Bankkaufmann mit Zusatz Finanzassistent;IHK;;BWL I (Einfhrung);BBWL01;3;;6;;;;;;;;;;;;;;;;;;;
Bankkaufmann mit Zusatz Finanzassistent;IHK;;Computer Training;BCTR01-01;5;;6;;;;;;;;;;;;;;;;;;;
Bankkaufmann mit Zusatz Finanzassistent;IHK;;Financial Services Management I;BWFS01;5;;6;;;;;;;;;;;;;;;;;;;
Bankkaufmann mit Zusatz Finanzassistent;IHK;;Finanzierung I (Einfhrung);BFIN01;3;;6;;;;;;;;;;;;;;;;;;;
Bankkaufmann mit Zusatz Finanzassistent;IHK;;Finanzm„rkte;DLFFZM01;5;;6;;;;;;;;;;;;;;;;;;;
Bankkaufmann mit Zusatz Finanzassistent;IHK;;Kosten- und Leistungsrechnung I (Einfhrung);BKLR01;3;;6;;;;;;;;;;;;;;;;;;;
Bankkaufmann mit Zusatz Finanzassistent;IHK;;Marketing I;BMAR01-01;3;;6;;;;;;;;;;;;;;;;;;;
Bankkaufmann mit Zusatz Finanzassistent;IHK;;Recht I (Einfhrung);BREC01-01;3;;6;;;;;;;;;;;;;;;;;;;
Bankkaufmann mit Zusatz Finanzassistent;IHK;;Selbst- und Zeitmanagement;BWIR02;5;;6;;;;;;;;;;;;;;;;;;;
Bankkaufmann mit Zusatz Finanzassistent;IHK;;Steuerlehre I (Einfhrung);BSTE01-01;3;;6;;;;;;;;;;;;;;;;;;;
;;;;;;;;;;;;;;;;;;;;;;;;;;
Brokaufmann;IHK;;Buchfhrung und Bilanzierung I (Einfhrung);BBUB01-01;3;;7;;;;;;;;;;;;;;;;;;;
Brokaufmann;IHK;;BWL I (Einfhrung);BBWL01;3;;7;;;;;;;;;;;;;;;;;;;
Brokaufmann;IHK;;Computer Training;BCTR01-01;5;;7;;;;;;;;;;;;;;;;;;;
Brokaufmann;IHK;;Kosten- und Leistungsrechnung I (Einfhrung);BKLR01;3;;7;;;;;;;;;;;;;;;;;;;
Brokaufmann;IHK;;Selbst- und Zeitmanagement;BWIR02;5;;7;;;;;;;;;;;;;;;;;;;
;;;;;;;;;;;;;;;;;;;;;;;;;;
Diploma in Hotel & Tourismus;;;Buchfhrung und Bilanzierung I (Einfhrung);BBUB01-01;3;;8;;;;;;;;;;;;;;;;;;;
Diploma in Hotel & Tourismus;;;BWL I (Einfhrung);BBWL01;3;;8;;;;;;;;;;;;;;;;;;;
Diploma in Hotel & Tourismus;;;Computer Training;BCTR01-01;5;;8;;;;;;;;;;;;;;;;;;;
Diploma in Hotel & Tourismus;;;Kosten- und Leistungsrechnung I (Einfhrung);BKLR01;3;;8;;;;;;;;;;;;;;;;;;;
Diploma in Hotel & Tourismus;;;Marketing I;BMAR01-01;3;;8;;;;;;;;;;;;;;;;;;;
Diploma in Hotel & Tourismus;;;™konomie und Markt;DLBOUM01;5;;8;;;;;;;;;;;;;;;;;;;
Diploma in Hotel & Tourismus;;;Recht I (Einfhrung);BREC01-01;3;;8;;;;;;;;;;;;;;;;;;;
Diploma in Hotel & Tourismus;;;Selbst- und Zeitmanagement;BWIR02;5;;8;;;;;;;;;;;;;;;;;;;
Diploma in Hotel & Tourismus;;;Tourismusmanagement I (Einfhrung);BWTO01;5;;8;;;;;;;;;;;;;;;;;;;
;;;;;;;;;;;;;;;;;;;;;;;;;;
Fachangestellter fr Arbeitsf”rderung;;;BWL I (Einfhrung);BBWL01;3;;9;;;;;;;;;;;;;;;;;;;
Fachangestellter fr Arbeitsf”rderung;;;Computer Training;BCTR01-01;5;;9;;;;;;;;;;;;;;;;;;;
Fachangestellter fr Arbeitsf”rderung;;;Makro”konomie I (Einfhrung);BMAK01;3;;9;;;;;;;;;;;;;;;;;;;
Fachangestellter fr Arbeitsf”rderung;;;Mikro”konomie I;BMIK01-01;3;;9;;;;;;;;;;;;;;;;;;;
Fachangestellter fr Arbeitsf”rderung;;;Selbst- und Zeitmanagement;BWIR02;5;;9;;;;;;;;;;;;;;;;;;;
;;;;;;;;;;;;;;;;;;;;;;;;;;
Fachinformatiker fr Anwendungsentwicklung;;;BWL I (Einfhrung);BBWL01;3;;10;;;;;;;;;;;;;;;;;;;
Fachinformatiker fr Anwendungsentwicklung;;;Grundlagen der industriellen Softwaretechnik;IGIS01;5;;10;;;;;;;;;;;;;;;;;;;
Fachinformatiker fr Anwendungsentwicklung;;;Grundlagen der objektorientierten Programmierung mit Java;IOBP01;5;;10;;;;;;;;;;;;;;;;;;;
Fachinformatiker fr Anwendungsentwicklung;;;Kosten- und Leistungsrechnung I (Einfhrung);BKLR01;3;;10;;;;;;;;;;;;;;;;;;;
Fachinformatiker fr Anwendungsentwicklung;;;Marketing I (Einfhrung);BMAR01;3;;10;;;;;;;;;;;;;;;;;;;
Fachinformatiker fr Anwendungsentwicklung;;;Selbst- und Zeitmanagement;BWIR02;5;;10;;;;;;;;;;;;;;;;;;;
;;;;;;;;;;;;;;;;;;;;;;;;;;
Fachinformatiker fr Systementwicklung;;;BWL I (Einfhrung);BBWL01;3;;11;;;;;;;;;;;;;;;;;;;
Fachinformatiker fr Systementwicklung;;;Computer Training;BCTR01-01;5;;11;;;;;;;;;;;;;;;;;;;
Fachinformatiker fr Systementwicklung;;;Kosten- und Leistungsrechnung I (Einfhrung);BKLR01;3;;11;;;;;;;;;;;;;;;;;;;
Fachinformatiker fr Systementwicklung;;;Marketing I;BMAR01-01;3;;11;;;;;;;;;;;;;;;;;;;
Fachinformatiker fr Systementwicklung;;;Selbst- und Zeitmanagement;BWIR02;5;;11;;;;;;;;;;;;;;;;;;;
;;;;;;;;;;;;;;;;;;;;;;;;;;
Fachinformatiker fr Systemintegration;;;BWL I (Einfhrung);BBWL01;3;;12;;;;;;;;;;;;;;;;;;;
Fachinformatiker fr Systemintegration;;;Grundlagen der industriellen Softwaretechnik;IGIS01;5;;12;;;;;;;;;;;;;;;;;;;
Fachinformatiker fr Systemintegration;;;Kosten- und Leistungsrechnung I (Einfhrung);BKLR01;3;;12;;;;;;;;;;;;;;;;;;;
Fachinformatiker fr Systemintegration;;;Marketing I (Einfhrung);BMAR01;3;;12;;;;;;;;;;;;;;;;;;;
Fachinformatiker fr Systemintegration;;;Requirements Engineering;IREN01;5;;12;;;;;;;;;;;;;;;;;;;
Fachinformatiker fr Systemintegration;;;Selbst- und Zeitmanagement;BWIR02;5;;12;;;;;;;;;;;;;;;;;;;
;;;;;;;;;;;;;;;;;;;;;;;;;;
Fachmann fr Systemgastronomie;;;BWL I (Einfhrung);BBWL01;3;;13;;;;;;;;;;;;;;;;;;;
Fachmann fr Systemgastronomie;;;Computer Training;BCTR01-01;5;;13;;;;;;;;;;;;;;;;;;;
Fachmann fr Systemgastronomie;;;Controlling I (Einfhrung);BCON01;3;;13;;;;;;;;;;;;;;;;;;;
Fachmann fr Systemgastronomie;;;Marketing I;BMAR01-01;3;;13;;;;;;;;;;;;;;;;;;;
Fachmann fr Systemgastronomie;;;Selbst- und Zeitmanagement;BWIR02;5;;13;;;;;;;;;;;;;;;;;;;
;;;;;;;;;;;;;;;;;;;;;;;;;;
Fluglotse;;;Computer Training;BCTR01-01;5;;14;;;;;;;;;;;;;;;;;;;
Fluglotse;;;Selbst- und Zeitmanagement;BWIR02;5;;14;;;;;;;;;;;;;;;;;;;
;;;;;;;;;;;;;;;;;;;;;;;;;;
HAK;Handelsakademie;;Buchhaltung und Bilanzierung in ™sterreich;DLBBUBOE01;5;;15;;;;;;;;;;;;;;;;;;;
HAK;Handelsakademie;;BWL I;BBWL01-01;3;;15;;;;;;;;;;;;;;;;;;;
HAK;Handelsakademie;;BWL II;BBWL02-01;2;;15;;;;;;;;;;;;;;;;;;;
HAK;Handelsakademie;;Computer Training;BCTR01-01;5;;15;;;;;;;;;;;;;;;;;;;
HAK;Handelsakademie;;Fremdsprachen: Englisch A1-C1;SPEN01;10;;15;;;;;;;;;;;;;;;;;;;
HAK;Handelsakademie;;Kollaboratives Arbeiten;DLBKA01;5;;15;;;;;;;;;;;;;;;;;;;
HAK;Handelsakademie;;Kosten- und Leistungsrechnung I;BKLR01-01;3;;15;;;;;;;;;;;;;;;;;;;
HAK;Handelsakademie;;Kosten- und Leistungsrechnung II;BKLR02-01;2;;15;;;;;;;;;;;;;;;;;;;
HAK;Handelsakademie;;Marketing I;BMAR01-01;3;;15;;;;;;;;;;;;;;;;;;;
HAK;Handelsakademie;;Projekt: Unternehmensgrndung;DLBBWPUG01;5;;15;;;;;;;;;;;;;;;;;;;
HAK;Handelsakademie;;Unternehmensplanspiel;BUPL01;5;;15;;;;;;;;;;;;;;;;;;;
;;;;;;;;;;;;;;;;;;;;;;;;;;
Hotelfachmann mit Zusatz Hotelmanagement;;;Buchfhrung und Bilanzierung I (Einfhrung);BBUB01-01;3;;16;;;;;;;;;;;;;;;;;;;
Hotelfachmann mit Zusatz Hotelmanagement;;;BWL I (Einfhrung);BBWL01;3;;16;;;;;;;;;;;;;;;;;;;
Hotelfachmann mit Zusatz Hotelmanagement;;;Computer Training;BCTR01-01;5;;16;;;;;;;;;;;;;;;;;;;
Hotelfachmann mit Zusatz Hotelmanagement;;;Marketing I;BMAR01-01;3;;16;;;;;;;;;;;;;;;;;;;
Hotelfachmann mit Zusatz Hotelmanagement;;;Selbst- und Zeitmanagement;BWIR02;5;;16;;;;;;;;;;;;;;;;;;;
;;;;;;;;;;;;;;;;;;;;;;;;;;
Hotelfachmann;;;BWL I (Einfhrung);BBWL01;3;;17;;;;;;;;;;;;;;;;;;;
Hotelfachmann;;;Computer Training;BCTR01-01;5;;17;;;;;;;;;;;;;;;;;;;
Hotelfachmann;;;Marketing I;BMAR01-01;3;;17;;;;;;;;;;;;;;;;;;;
Hotelfachmann;;;Selbst- und Zeitmanagement;BWIR02;5;;17;;;;;;;;;;;;;;;;;;;
;;;;;;;;;;;;;;;;;;;;;;;;;;
Hotelkaufmann;;;Buchfhrung und Bilanzierung I (Einfhrung);BBUB01-01;3;;18;;;;;;;;;;;;;;;;;;;
Hotelkaufmann;;;BWL I (Einfhrung);BBWL01;3;;18;;;;;;;;;;;;;;;;;;;
Hotelkaufmann;;;Computer Training;BCTR01-01;5;;18;;;;;;;;;;;;;;;;;;;
Hotelkaufmann;;;Kosten- und Leistungsrechnung I (Einfhrung);BKLR01;3;;18;;;;;;;;;;;;;;;;;;;
Hotelkaufmann;;;Personalwesen I (Einfhrung);BPER01;3;;18;;;;;;;;;;;;;;;;;;;
Hotelkaufmann;;;Selbst- und Zeitmanagement;BWIR02;5;;18;;;;;;;;;;;;;;;;;;;
;;;;;;;;;;;;;;;;;;;;;;;;;;
H”here technische Lehranstalt;HTL;;Beschaffung und Logistik;BBLO01;5;;19;;;;;;;;;;;;;;;;;;;
H”here technische Lehranstalt;HTL;;Buchfhrung und Bilanzierung I (Einfhrung);BBUB01-01;3;;19;;;;;;;;;;;;;;;;;;;
H”here technische Lehranstalt;HTL;;BWL I (Einfhrung);BBWL01;3;;19;;;;;;;;;;;;;;;;;;;
H”here technische Lehranstalt;HTL;;Computer Training;BCTR01-01;5;;19;;;;;;;;;;;;;;;;;;;
H”here technische Lehranstalt;HTL;;Finanzierung I (Einfhrung);BFIN01;3;;19;;;;;;;;;;;;;;;;;;;
H”here technische Lehranstalt;HTL;;Kosten- und Leistungsrechnung I (Einfhrung);BKLR01;3;;19;;;;;;;;;;;;;;;;;;;
H”here technische Lehranstalt;HTL;;Marketing I;BMAR01-01;3;;19;;;;;;;;;;;;;;;;;;;
H”here technische Lehranstalt;HTL;;Personalwesen I (Einfhrung);BPER01;3;;19;;;;;;;;;;;;;;;;;;;
H”here technische Lehranstalt;HTL;;Recht I (Einfhrung);BREC01-01;3;;19;;;;;;;;;;;;;;;;;;;
H”here technische Lehranstalt;HTL;;Selbst- und Zeitmanagement;BWIR02;5;;19;;;;;;;;;;;;;;;;;;;
;;;;;;;;;;;;;;;;;;;;;;;;;;
Immobilienkaufmann;IHK;;Buchfhrung und Bilanzierung I (Einfhrung);BBUB01-01;3;;20;;;;;;;;;;;;;;;;;;;
Immobilienkaufmann;IHK;;BWL I (Einfhrung);BBWL01;3;;20;;;;;;;;;;;;;;;;;;;
Immobilienkaufmann;IHK;;Computer Training;BCTR01-01;5;;20;;;;;;;;;;;;;;;;;;;
Immobilienkaufmann;IHK;;Immobilienmanagement I;BWIM01;5;;21;;;;;;;;;;;;;;;;;;;
Immobilienkaufmann;IHK;;Kosten- und Leistungsrechnung I (Einfhrung);BKLR01;3;;21;;;;;;;;;;;;;;;;;;;
Immobilienkaufmann;IHK;;Marketing I;BMAR01-01;3;;21;;;;;;;;;;;;;;;;;;;
Immobilienkaufmann;IHK;;™konomie und Markt;DLBOUM01;5;;21;;;;;;;;;;;;;;;;;;;
Immobilienkaufmann;IHK;;Projektmanagement;BPMG01;5;;22;;;;;;;;;;;;;;;;;;;
Immobilienkaufmann;IHK;;Recht I (Einfhrung);BREC01-01;3;;22;;;;;;;;;;;;;;;;;;;
Immobilienkaufmann;IHK;;Selbst- und Zeitmanagement;BWIR02;5;;22;;;;;;;;;;;;;;;;;;;
Immobilienkaufmann;IHK;;Steuerlehre I (Einfhrung);BSTE01-01;3;;22;;;;;;;;;;;;;;;;;;;
;;;;;;;;;;;;;;;;;;;;;;;;;;
Industriekaufmann;IHK;;Buchfhrung und Bilanzierung I (Einfhrung);BBUB01-01;3;;23;;;;;;;;;;;;;;;;;;;
Industriekaufmann;IHK;;BWL I (Einfhrung);BBWL01;3;;23;;;;;;;;;;;;;;;;;;;
Industriekaufmann;IHK;;Computer Training;BCTR01-01;5;;23;;;;;;;;;;;;;;;;;;;
Industriekaufmann;IHK;;Kosten- und Leistungsrechnung I (Einfhrung);BKLR01;3;;23;;;;;;;;;;;;;;;;;;;
Industriekaufmann;IHK;;Marketing I;BMAR01-01;3;;23;;;;;;;;;;;;;;;;;;;
Industriekaufmann;IHK;;Selbst- und Zeitmanagement;BWIR02;5;;23;;;;;;;;;;;;;;;;;;;
;;;;;;;;;;;;;;;;;;;;;;;;;;
Informatikkaufmann;;;BWL I (Einfhrung);BBWL01;3;;24;;;;;;;;;;;;;;;;;;;
Informatikkaufmann;;;Grundlagen der industriellen Softwaretechnik;IGIS01;5;;24;;;;;;;;;;;;;;;;;;;
Informatikkaufmann;;;Grundlagen der objektorientierten Programmierung mit Java;IOBP01;5;;24;;;;;;;;;;;;;;;;;;;
Informatikkaufmann;;;Kosten- und Leistungsrechnung I (Einfhrung);BKLR01;3;;24;;;;;;;;;;;;;;;;;;;
Informatikkaufmann;;;Requirements Engineering;IREN01;5;;24;;;;;;;;;;;;;;;;;;;
Informatikkaufmann;;;Selbst- und Zeitmanagement;BWIR02;5;;24;;;;;;;;;;;;;;;;;;;
;;;;;;;;;;;;;;;;;;;;;;;;;;
Informationstechnisher Assistent;;;BWL I (Einfhrung);BBWL01;3;;25;;;;;;;;;;;;;;;;;;;
Informationstechnisher Assistent;;;Datenmodellierung und Datenbanksysteme;IDBS01;5;;25;;;;;;;;;;;;;;;;;;;
Informationstechnisher Assistent;;;Grundlagen der industriellen Softwaretechnik;IGIS01;5;;25;;;;;;;;;;;;;;;;;;;
Informationstechnisher Assistent;;;Grundlagen der objektorientierten Programmierung mit Java;IOBP01;5;;25;;;;;;;;;;;;;;;;;;;
Informationstechnisher Assistent;;;Selbst- und Zeitmanagement;BWIR02;5;;25;;;;;;;;;;;;;;;;;;;
;;;;;;;;;;;;;;;;;;;;;;;;;;
IT Systemelektroniker;;;BWL I (Einfhrung);BBWL01;3;;26;;;;;;;;;;;;;;;;;;;
IT Systemelektroniker;;;Grundlagen der industriellen Softwaretechnik;IGIS01;5;;26;;;;;;;;;;;;;;;;;;;
IT Systemelektroniker;;;Grundlagen der objektorientierten Programmierung mit Java;IOBP01;5;;26;;;;;;;;;;;;;;;;;;;
IT Systemelektroniker;;;Kosten- und Leistungsrechnung I (Einfhrung);BKLR01;3;;26;;;;;;;;;;;;;;;;;;;
IT Systemelektroniker;;;Marketing I (Einfhrung);BMAR01;3;;26;;;;;;;;;;;;;;;;;;;
IT Systemelektroniker;;;Selbst- und Zeitmanagement;BWIR02;5;;26;;;;;;;;;;;;;;;;;;;
;;;;;;;;;;;;;;;;;;;;;;;;;;
IT Systemkaufmann;;;BWL I (Einfhrung);BBWL01;3;;27;;;;;;;;;;;;;;;;;;;
IT Systemkaufmann;;;Datenmodellierung und Datenbanksysteme;IDBS01;5;;27;;;;;;;;;;;;;;;;;;;
IT Systemkaufmann;;;Grundlagen der industriellen Softwaretechnik;IGIS01;5;;27;;;;;;;;;;;;;;;;;;;
IT Systemkaufmann;;;Grundlagen der objektorientierten Programmierung mit Java;IOBP01;5;;27;;;;;;;;;;;;;;;;;;;
IT Systemkaufmann;;;Kosten- und Leistungsrechnung I (Einfhrung);BKLR01;3;;27;;;;;;;;;;;;;;;;;;;
IT Systemkaufmann;;;Marketing I (Einfhrung);BMAR01;3;;27;;;;;;;;;;;;;;;;;;;
IT Systemkaufmann;;;Selbst- und Zeitmanagement;BWIR02;5;;27;;;;;;;;;;;;;;;;;;;
IT Systemkaufmann;;;Buchfhrung und Bilanzierung I (Einfhrung);BBUB01-01;3;;27;;;;;;;;;;;;;;;;;;;
;;;;;;;;;;;;;;;;;;;;;;;;;;
Justizfachangestellter;;;Einfhrung in das Wirtschaftsprivatrecht I;DLRWPR01;5;;28;;;;;;;;;;;;;;;;;;;
Justizfachangestellter;;;Schuldrecht I (Einfhrung);DLRSCR01;5;;28;;;;;;;;;;;;;;;;;;;
Justizfachangestellter;;;Selbst- und Zeitmanagement;BWIR02;5;;28;;;;;;;;;;;;;;;;;;;
Justizfachangestellter;;;Zivilprozessrecht;DLRZPR01;5;;28;;;;;;;;;;;;;;;;;;;
;;;;;;;;;;;;;;;;;;;;;;;;;;
Kaufmann fr Brokommunikation;;;Buchfhrung und Bilanzierung I (Einfhrung);BBUB01-01;3;;29;;;;;;;;;;;;;;;;;;;
Kaufmann fr Brokommunikation;;;BWL I (Einfhrung);BBWL01;3;;29;;;;;;;;;;;;;;;;;;;
Kaufmann fr Brokommunikation;;;Computer Training;BCTR01-01;5;;29;;;;;;;;;;;;;;;;;;;
Kaufmann fr Brokommunikation;;;Kosten- und Leistungsrechnung I (Einfhrung);BKLR01;3;;29;;;;;;;;;;;;;;;;;;;
Kaufmann fr Brokommunikation;;;Selbst- und Zeitmanagement;BWIR02;5;;29;;;;;;;;;;;;;;;;;;;
;;;;;;;;;;;;;;;;;;;;;;;;;;
Kaufmann fr Bromanagement;;;Buchfhrung und Bilanzierung I (Einfhrung);BBUB01-01;3;;30;;;;;;;;;;;;;;;;;;;
Kaufmann fr Bromanagement;;;BWL I;BBWL01-01;3;;30;;;;;;;;;;;;;;;;;;;
Kaufmann fr Bromanagement;;;Computer Training;BCTR01-01;5;;30;;;;;;;;;;;;;;;;;;;
Kaufmann fr Bromanagement;;;Kollaboratives Arbeiten;DLBKA01;5;;30;;;;;;;;;;;;;;;;;;;
Kaufmann fr Bromanagement;;;Kosten- und Leistungsrechnung I;BKLR01-01;3;;30;;;;;;;;;;;;;;;;;;;
Kaufmann fr Bromanagement;;;Marketing I;BMAR01-01;3;;30;;;;;;;;;;;;;;;;;;;
Kaufmann fr Bromanagement;;;Recht I (Einfhrung);BREC01-02;3;;30;;;;;;;;;;;;;;;;;;;
;;;;;;;;;;;;;;;;;;;;;;;;;;
Kaufmann fr Dialogmarketing;;;Buchfhrung und Bilanzierung I (Einfhrung);BBUB01-01;3;;30;;;;;;;;;;;;;;;;;;;
Kaufmann fr Dialogmarketing;;;BWL I (Einfhrung);BBWL01;3;;30;;;;;;;;;;;;;;;;;;;
Kaufmann fr Dialogmarketing;;;Computer Training;BCTR01-01;5;;30;;;;;;;;;;;;;;;;;;;
Kaufmann fr Dialogmarketing;;;Kosten- und Leistungsrechnung I (Einfhrung);BKLR01;3;;30;;;;;;;;;;;;;;;;;;;
Kaufmann fr Dialogmarketing;;;Marketing I;BMAR01-01;3;;30;;;;;;;;;;;;;;;;;;;
Kaufmann fr Dialogmarketing;;;Projektmanagement;BPMG01;5;;30;;;;;;;;;;;;;;;;;;;
Kaufmann fr Dialogmarketing;;;Selbst- und Zeitmanagement;BWIR02;5;;30;;;;;;;;;;;;;;;;;;;
;;;;;;;;;;;;;;;;;;;;;;;;;;
Kaufmann fr Einzelhandel;;;Buchfhrung und Bilanzierung I (Einfhrung);BBUB01-01;3;;31;;;;;;;;;;;;;;;;;;;
Kaufmann fr Einzelhandel;;;BWL I (Einfhrung);BBWL01;3;;31;;;;;;;;;;;;;;;;;;;
Kaufmann fr Einzelhandel;;;Computer Training;BCTR01-01;5;;31;;;;;;;;;;;;;;;;;;;
Kaufmann fr Einzelhandel;;;Kosten- und Leistungsrechnung I (Einfhrung);BKLR01;3;;31;;;;;;;;;;;;;;;;;;;
Kaufmann fr Einzelhandel;;;Marketing I;BMAR01-01;3;;31;;;;;;;;;;;;;;;;;;;
Kaufmann fr Einzelhandel;;;Selbst- und Zeitmanagement;BWIR02;5;;31;;;;;;;;;;;;;;;;;;;
Kaufmann fr Einzelhandel;;;Personalwesen I (Einfhrung);BPER01;3;;31;;;;;;;;;;;;;;;;;;;
;;;;;;;;;;;;;;;;;;;;;;;;;;
Kaufmann fr Gesundheitswesen;IHK;;Buchfhrung und Bilanzierung I (Einfhrung);BBUB01-01;3;;32;;;;;;;;;;;;;;;;;;;
Kaufmann fr Gesundheitswesen;IHK;;BWL I (Einfhrung);BBWL01;3;;32;;;;;;;;;;;;;;;;;;;
Kaufmann fr Gesundheitswesen;IHK;;Computer Training;BCTR01-01;5;;32;;;;;;;;;;;;;;;;;;;
Kaufmann fr Gesundheitswesen;IHK;;Investition I (Einfhrung);BINV01;3;;32;;;;;;;;;;;;;;;;;;;
Kaufmann fr Gesundheitswesen;IHK;;Kosten- und Leistungsrechnung I (Einfhrung);BKLR01;3;;32;;;;;;;;;;;;;;;;;;;
Kaufmann fr Gesundheitswesen;IHK;;Marketing I;BMAR01-01;3;;32;;;;;;;;;;;;;;;;;;;
Kaufmann fr Gesundheitswesen;IHK;;Selbst- und Zeitmanagement;BWIR02;5;;32;;;;;;;;;;;;;;;;;;;
Kaufmann fr Gesundheitswesen;IHK;;Personalwesen I (Einfhrung);BPER01;3;;32;;;;;;;;;;;;;;;;;;;
;;;;;;;;;;;;;;;;;;;;;;;;;;
Kaufmann fr Groá- und Auáenhandel;;;Buchfhrung und Bilanzierung I (Einfhrung);BBUB01-01;3;;33;;;;;;;;;;;;;;;;;;;
Kaufmann fr Groá- und Auáenhandel;;;Business Controlling I;BWBC01;5;;33;;;;;;;;;;;;;;;;;;;
Kaufmann fr Groá- und Auáenhandel;;;BWL I (Einfhrung);BBWL01;3;;33;;;;;;;;;;;;;;;;;;;
Kaufmann fr Groá- und Auáenhandel;;;Computer Training;BCTR01-01;5;;33;;;;;;;;;;;;;;;;;;;
Kaufmann fr Groá- und Auáenhandel;;;Kosten- und Leistungsrechnung I (Einfhrung);BKLR01;3;;33;;;;;;;;;;;;;;;;;;;
Kaufmann fr Groá- und Auáenhandel;;;Marketing I;BMAR01-01;3;;33;;;;;;;;;;;;;;;;;;;
Kaufmann fr Groá- und Auáenhandel;;;Selbst- und Zeitmanagement;BWIR02;5;;33;;;;;;;;;;;;;;;;;;;
Kaufmann fr Groá- und Auáenhandel;;;Personalwesen I (Einfhrung);BPER01;3;;33;;;;;;;;;;;;;;;;;;;
;;;;;;;;;;;;;;;;;;;;;;;;;;
Kaufmann fr Marketingkommunikation;;;Buchfhrung und Bilanzierung I (Einfhrung);BBUB01-01;3;;34;;;;;;;;;;;;;;;;;;;
Kaufmann fr Marketingkommunikation;;;BWL I (Einfhrung);BBWL01;3;;34;;;;;;;;;;;;;;;;;;;
Kaufmann fr Marketingkommunikation;;;Computer Training;BCTR01-01;5;;34;;;;;;;;;;;;;;;;;;;
Kaufmann fr Marketingkommunikation;;;Kosten- und Leistungsrechnung I (Einfhrung);BKLR01;3;;34;;;;;;;;;;;;;;;;;;;
Kaufmann fr Marketingkommunikation;;;Marketing I;BMAR01-01;3;;34;;;;;;;;;;;;;;;;;;;
Kaufmann fr Marketingkommunikation;;;Marketing II;BMAR02-01;2;;34;;;;;;;;;;;;;;;;;;;
Kaufmann fr Marketingkommunikation;;;Marktforschung;BMFO01;5;;34;;;;;;;;;;;;;;;;;;;
Kaufmann fr Marketingkommunikation;;;Selbst- und Zeitmanagement;BWIR02;5;;34;;;;;;;;;;;;;;;;;;;
;;;;;;;;;;;;;;;;;;;;;;;;;;
Kaufmann fr Spedtion und Logistik;;;Buchfhrung und Bilanzierung I (Einfhrung);BBUB01-01;3;;35;;;;;;;;;;;;;;;;;;;
Kaufmann fr Spedtion und Logistik;;;BWL I (Einfhrung);BBWL01;3;;35;;;;;;;;;;;;;;;;;;;
Kaufmann fr Spedtion und Logistik;;;Computer Training;BCTR01-01;5;;35;;;;;;;;;;;;;;;;;;;
Kaufmann fr Spedtion und Logistik;;;Kosten- und Leistungsrechnung I (Einfhrung);BKLR01;3;;35;;;;;;;;;;;;;;;;;;;
Kaufmann fr Spedtion und Logistik;;;Selbst- und Zeitmanagement;BWIR02;5;;35;;;;;;;;;;;;;;;;;;;
Kaufmann fr Spedtion und Logistik;;;Marketing I;BMAR01-01;3;;35;;;;;;;;;;;;;;;;;;;
;;;;;;;;;;;;;;;;;;;;;;;;;;
Kaufmann fr Tourismus und Freizeit;;;Buchfhrung und Bilanzierung I (Einfhrung);BBUB01-01;3;;36;;;;;;;;;;;;;;;;;;;
Kaufmann fr Tourismus und Freizeit;;;BWL I (Einfhrung);BBWL01;3;;36;;;;;;;;;;;;;;;;;;;
Kaufmann fr Tourismus und Freizeit;;;Computer Training;BCTR01-01;5;;36;;;;;;;;;;;;;;;;;;;
Kaufmann fr Tourismus und Freizeit;;;Kosten- und Leistungsrechnung I (Einfhrung);BKLR01;3;;36;;;;;;;;;;;;;;;;;;;
Kaufmann fr Tourismus und Freizeit;;;Marketing I;BMAR01-01;3;;36;;;;;;;;;;;;;;;;;;;
Kaufmann fr Tourismus und Freizeit;;;Projektmanagement;BPMG01;5;;36;;;;;;;;;;;;;;;;;;;
Kaufmann fr Tourismus und Freizeit;;;Selbst- und Zeitmanagement;BWIR02;5;;36;;;;;;;;;;;;;;;;;;;
;;;;;;;;;;;;;;;;;;;;;;;;;;
Kaufmann fr Verkehrsservice;;;Buchfhrung und Bilanzierung I (Einfhrung);BBUB01-01;3;;37;;;;;;;;;;;;;;;;;;;
Kaufmann fr Verkehrsservice;;;BWL I (Einfhrung);BBWL01;3;;37;;;;;;;;;;;;;;;;;;;
Kaufmann fr Verkehrsservice;;;Computer Training;BCTR01-01;5;;37;;;;;;;;;;;;;;;;;;;
Kaufmann fr Verkehrsservice;;;Kosten- und Leistungsrechnung I (Einfhrung);BKLR01;3;;37;;;;;;;;;;;;;;;;;;;
Kaufmann fr Verkehrsservice;;;Marketing I;BMAR01-01;3;;37;;;;;;;;;;;;;;;;;;;
Kaufmann fr Verkehrsservice;;;Recht I (Einfhrung);BREC01-01;3;;37;;;;;;;;;;;;;;;;;;;
Kaufmann fr Verkehrsservice;;;Selbst- und Zeitmanagement;BWIR02;5;;37;;;;;;;;;;;;;;;;;;;
;;;;;;;;;;;;;;;;;;;;;;;;;;
Luftverkehrskaufmann;;;Buchfhrung und Bilanzierung I (Einfhrung);BBUB01-01;3;;38;;;;;;;;;;;;;;;;;;;
Luftverkehrskaufmann;;;BWL I (Einfhrung);BBWL01;3;;38;;;;;;;;;;;;;;;;;;;
Luftverkehrskaufmann;;;Computer Training;BCTR01-01;5;;38;;;;;;;;;;;;;;;;;;;
Luftverkehrskaufmann;;;Kosten- und Leistungsrechnung I (Einfhrung);BKLR01;3;;38;;;;;;;;;;;;;;;;;;;
Luftverkehrskaufmann;;;Marketing I;BMAR01-01;3;;38;;;;;;;;;;;;;;;;;;;
Luftverkehrskaufmann;;;Selbst- und Zeitmanagement;BWIR02;5;;38;;;;;;;;;;;;;;;;;;;
;;;;;;;;;;;;;;;;;;;;;;;;;;
Medienkaufmann Digital und Print;;;Buchfhrung und Bilanzierung I (Einfhrung);BBUB01-01;3;;39;;;;;;;;;;;;;;;;;;;
Medienkaufmann Digital und Print;;;BWL I (Einfhrung);BBWL01;3;;39;;;;;;;;;;;;;;;;;;;
Medienkaufmann Digital und Print;;;Computer Training;BCTR01-01;5;;39;;;;;;;;;;;;;;;;;;;
Medienkaufmann Digital und Print;;;Kosten- und Leistungsrechnung I (Einfhrung);BKLR01;3;;39;;;;;;;;;;;;;;;;;;;
Medienkaufmann Digital und Print;;;Marketing I;BMAR01-01;3;;39;;;;;;;;;;;;;;;;;;;
Medienkaufmann Digital und Print;;;Selbst- und Zeitmanagement;BWIR02;5;;39;;;;;;;;;;;;;;;;;;;
;;;;;;;;;;;;;;;;;;;;;;;;;;
Personaldienstleistungskaufmann;;;Advanced Leadership I (Einfhrung);BWAF01;5;;40;;;;;;;;;;;;;;;;;;;
Personaldienstleistungskaufmann;;;Buchfhrung und Bilanzierung I (Einfhrung);BBUB01-01;3;;40;;;;;;;;;;;;;;;;;;;
Personaldienstleistungskaufmann;;;BWL I (Einfhrung);BBWL01;3;;40;;;;;;;;;;;;;;;;;;;
Personaldienstleistungskaufmann;;;Computer Training;BCTR01-01;5;;40;;;;;;;;;;;;;;;;;;;
Personaldienstleistungskaufmann;;;Personalwesen I (Einfhrung);BPER01;3;;40;;;;;;;;;;;;;;;;;;;
Personaldienstleistungskaufmann;;;Personalwesen II (Vertiefung);BPER02;2;;40;;;;;;;;;;;;;;;;;;;
Personaldienstleistungskaufmann;;;Selbst- und Zeitmanagement;BWIR02;5;;40;;;;;;;;;;;;;;;;;;;
;;;;;;;;;;;;;;;;;;;;;;;;;;
Rechtsanwaltfachangestellter;;;Buchfhrung und Bilanzierung I (Einfhrung);BBUB01-01;3;;41;;;;;;;;;;;;;;;;;;;
Rechtsanwaltfachangestellter;;;BWL I (Einfhrung);BBWL01;3;;41;;;;;;;;;;;;;;;;;;;
Rechtsanwaltfachangestellter;;;Grundlagen des brgerlichen Rechts I;DLRGBR01;5;;41;;;;;;;;;;;;;;;;;;;
Rechtsanwaltfachangestellter;;;Personalwesen I (Einfhrung);BPER01;3;;41;;;;;;;;;;;;;;;;;;;
Rechtsanwaltfachangestellter;;;Schuldrecht I (Einfhrung);DLRSCR01;5;;41;;;;;;;;;;;;;;;;;;;
Rechtsanwaltfachangestellter;;;Selbst- und Zeitmanagement;BWIR02;5;;41;;;;;;;;;;;;;;;;;;;
Rechtsanwaltfachangestellter;;;Zivilprozessrecht;DLRZPR01;5;;41;;;;;;;;;;;;;;;;;;;
;;;;;;;;;;;;;;;;;;;;;;;;;;
Reieverkehrskaufmann;;;Buchfhrung und Bilanzierung I (Einfhrung);BBUB01-01;3;;42;;;;;;;;;;;;;;;;;;;
Reieverkehrskaufmann;;;BWL I (Einfhrung);BBWL01;3;;42;;;;;;;;;;;;;;;;;;;
Reieverkehrskaufmann;;;Computer Training;BCTR01-01;5;;42;;;;;;;;;;;;;;;;;;;
Reieverkehrskaufmann;;;Kosten- und Leistungsrechnung I (Einfhrung);BKLR01;3;;42;;;;;;;;;;;;;;;;;;;
Reieverkehrskaufmann;;;Marketing I;BMAR01-01;3;;42;;;;;;;;;;;;;;;;;;;
Reieverkehrskaufmann;;;Projektmanagement;BPMG01;5;;42;;;;;;;;;;;;;;;;;;;
Reieverkehrskaufmann;;;Recht I (Einfhrung);BREC01-01;3;;42;;;;;;;;;;;;;;;;;;;
Reieverkehrskaufmann;;;Selbst- und Zeitmanagement;BWIR02;5;;42;;;;;;;;;;;;;;;;;;;
;;;;;;;;;;;;;;;;;;;;;;;;;;
Restaurantfachmann;;;BWL I (Einfhrung);BBWL01;3;;43;;;;;;;;;;;;;;;;;;;
Restaurantfachmann;;;Computer Training;BCTR01-01;5;;43;;;;;;;;;;;;;;;;;;;
Restaurantfachmann;;;Marketing I;BMAR01-01;3;;43;;;;;;;;;;;;;;;;;;;
Restaurantfachmann;;;Selbst- und Zeitmanagement;BWIR02;5;;43;;;;;;;;;;;;;;;;;;;
;;;;;;;;;;;;;;;;;;;;;;;;;;
Servicekaufmann im Luftverkehr;;;Buchfhrung und Bilanzierung I (Einfhrung);BBUB01-01;3;;44;;;;;;;;;;;;;;;;;;;
Servicekaufmann im Luftverkehr;;;Computer Training;BCTR01-01;5;;44;;;;;;;;;;;;;;;;;;;
Servicekaufmann im Luftverkehr;;;Marketing I;BMAR01-01;3;;44;;;;;;;;;;;;;;;;;;;
Servicekaufmann im Luftverkehr;;;Selbst- und Zeitmanagement;BWIR02;5;;44;;;;;;;;;;;;;;;;;;;
;;;;;;;;;;;;;;;;;;;;;;;;;;
Sport- und Fitnesskaufmann;;;Buchfhrung und Bilanzierung I (Einfhrung);BBUB01-01;3;;45;;;;;;;;;;;;;;;;;;;
Sport- und Fitnesskaufmann;;;BWL I;BBWL01-01;3;;45;;;;;;;;;;;;;;;;;;;
Sport- und Fitnesskaufmann;;;Grundlagen der Trainings- und Ern„hrungslehre;DLBFOGTEL01;5;;45;;;;;;;;;;;;;;;;;;;
Sport- und Fitnesskaufmann;;;Kollaboratives Arbeiten;DLBKA01;5;;45;;;;;;;;;;;;;;;;;;;
Sport- und Fitnesskaufmann;;;Kosten- und Leistungsrechnung I;BKLR01-01;3;;45;;;;;;;;;;;;;;;;;;;
Sport- und Fitnesskaufmann;;;Marketing I;BMAR01-01;3;;45;;;;;;;;;;;;;;;;;;;
Sport- und Fitnesskaufmann;;;Personalwesen I (Einfhrung);BPER01-01;3;;45;;;;;;;;;;;;;;;;;;;
Sport- und Fitnesskaufmann;;;Recht I (Einfhrung);BREC01-02;3;;45;;;;;;;;;;;;;;;;;;;
;;;;;;;;;;;;;;;;;;;;;;;;;;
;;;;;;;;;;;;;;;;;;;;;;;;;;
Gesundheits- und Krankenpfleger;;;Computer Training;BCTR01-01;5;;46;;;;;;;;;;;;;;;;;;;
Gesundheits- und Krankenpfleger;;;Selbst- und Zeitmanagement;BWIR02;5;;46;;;;;;;;;;;;;;;;;;;
Gesundheits- und Krankenpfleger;;;Sozialpolitik;DLGSPO01;5;;46;;;;;;;;;;;;;;;;;;;
;;;;;;;;;;;;;;;;;;;;;;;;;;
gepr. kaufm„nnischer Assistent fr Fremdsprachen;;;Buchfhrung und Bilanzierung I (Einfhrung);BBUB01-01;3;;47;;;;;;;;;;;;;;;;;;;
gepr. kaufm„nnischer Assistent fr Fremdsprachen;;;BWL I (Einfhrung);BBWL01;3;;47;;;;;;;;;;;;;;;;;;;
gepr. kaufm„nnischer Assistent fr Fremdsprachen;;;Computer Training;BCTR01-01;5;;47;;;;;;;;;;;;;;;;;;;
gepr. kaufm„nnischer Assistent fr Fremdsprachen;;;Fremdsprachen: Englisch A1-C1;SPEN01;10;;47;;;;;;;;;;;;;;;;;;;
gepr. kaufm„nnischer Assistent fr Fremdsprachen;;;Selbst- und Zeitmanagement;BWIR02;5;;47;;;;;;;;;;;;;;;;;;;
;;;;;;;;;;;;;;;;;;;;;;;;;;
Staatlich anerkannter Erzieher;;;Computer Training;BCTR01-01;5;;48;;;;;;;;;;;;;;;;;;;
Staatlich anerkannter Erzieher;;;Einfhrung in die P„dagogik der Kindheit;DLBSAKP101;5;;48;;;;;;;;;;;;;;;;;;;
Staatlich anerkannter Erzieher;;;Elternarbeit;DLBSAKP202;5;;48;;;;;;;;;;;;;;;;;;;
Staatlich anerkannter Erzieher;;;Frhkindliche Entwicklung;DLBSAKP102;5;;48;;;;;;;;;;;;;;;;;;;
Staatlich anerkannter Erzieher;;;P„dagogik;DLBSAPAED01;5;;48;;;;;;;;;;;;;;;;;;;
Staatlich anerkannter Erzieher;;;Praxisprojekt;BWPP01;10;;48;;;;;;;;;;;;;;;;;;;
Staatlich anerkannter Erzieher;;;Psychologie;DLBSAPSY01;5;;48;;;;;;;;;;;;;;;;;;;
Staatlich anerkannter Erzieher;;;Selbst- und Zeitmanagement;BWIR02;5;;48;;;;;;;;;;;;;;;;;;;
Staatlich anerkannter Erzieher;;;Sozialgeschichte, Philosophie, Ethik;DLBSASPE01;5;;48;;;;;;;;;;;;;;;;;;;
Staatlich anerkannter Erzieher;;;Sozialpolitik;DLGSPO01;5;;48;;;;;;;;;;;;;;;;;;;
Staatlich anerkannter Erzieher;;;Sozialrecht;DLBSASOR01;5;;48;;;;;;;;;;;;;;;;;;;
Staatlich anerkannter Erzieher;;;Soziologie;DLBSASO01;5;;48;;;;;;;;;;;;;;;;;;;
Staatlich anerkannter Erzieher;;;Supervision, Intervision, Coaching;DLBSASIC01;5;;48;;;;;;;;;;;;;;;;;;;
Staatlich anerkannter Erzieher;;;Inklusion;DLBHPINK01;5;;48;;;;;;;;;;;;;;;;;;;
;;;;;;;;;;;;;;;;;;;;;;;;;;
Staatlich anerkannter Heilerziehungspfleger;;;Computer Training;BCTR01-01;5;;49;;;;;;;;;;;;;;;;;;;
Staatlich anerkannter Heilerziehungspfleger;;;P„dagogik;DLBSAPAED01;5;;49;;;;;;;;;;;;;;;;;;;
Staatlich anerkannter Heilerziehungspfleger;;;Praxisprojekt;BWPP01;10;;49;;;;;;;;;;;;;;;;;;;
Staatlich anerkannter Heilerziehungspfleger;;;Psychologie;DLBSAPSY01;5;;49;;;;;;;;;;;;;;;;;;;
Staatlich anerkannter Heilerziehungspfleger;;;Selbst- und Zeitmanagement;BWIR02;5;;49;;;;;;;;;;;;;;;;;;;
Staatlich anerkannter Heilerziehungspfleger;;;Sozialgeschichte, Philosophie, Ethik;DLBSASPE01;5;;49;;;;;;;;;;;;;;;;;;;
Staatlich anerkannter Heilerziehungspfleger;;;Sozialpolitik;DLGSPO01;5;;49;;;;;;;;;;;;;;;;;;;
Staatlich anerkannter Heilerziehungspfleger;;;Sozialrecht;DLBSASOR01;5;;49;;;;;;;;;;;;;;;;;;;
Staatlich anerkannter Heilerziehungspfleger;;;Soziologie;DLBSASO01;5;;49;;;;;;;;;;;;;;;;;;;
Staatlich anerkannter Heilerziehungspfleger;;;Inklusion;DLBHPINK01;5;;49;;;;;;;;;;;;;;;;;;;
;;;;;;;;;;;;;;;;;;;;;;;;;;
Staatlich geprfter Kinderpfleger;;;Computer Training;BCTR01-01;5;;50;;;;;;;;;;;;;;;;;;;
Staatlich geprfter Kinderpfleger;;;Einfhrung in die P„dagogik der Kindheit;DLBSAKP101;5;;50;;;;;;;;;;;;;;;;;;;
Staatlich geprfter Kinderpfleger;;;Frhkindliche Entwicklung;DLBSAKP102;5;;50;;;;;;;;;;;;;;;;;;;
Staatlich geprfter Kinderpfleger;;;P„dagogik;DLBSAPAED01;5;;50;;;;;;;;;;;;;;;;;;;
Staatlich geprfter Kinderpfleger;;;Psychologie;DLBSAPSY01;5;;50;;;;;;;;;;;;;;;;;;;
Staatlich geprfter Kinderpfleger;;;Selbst- und Zeitmanagement;BWIR02;5;;50;;;;;;;;;;;;;;;;;;;
Staatlich geprfter Kinderpfleger;;;Sozialgeschichte, Philosophie, Ethik;DLBSASPE01;5;;50;;;;;;;;;;;;;;;;;;;
Staatlich geprfter Kinderpfleger;;;Sozialrecht;DLBSASOR01;5;;50;;;;;;;;;;;;;;;;;;;
;;;;;;;;;;;;;;;;;;;;;;;;;;
Steuerfachangesteller;;;Buchfhrung und Bilanzierung I (Einfhrung);BBUB01-01;3;;51;;;;;;;;;;;;;;;;;;;
Steuerfachangesteller;;;BWL I (Einfhrung);BBWL01;3;;51;;;;;;;;;;;;;;;;;;;
Steuerfachangesteller;;;Computer Training;BCTR01-01;5;;51;;;;;;;;;;;;;;;;;;;
Steuerfachangesteller;;;Finanzierung I (Einfhrung);BFIN01;3;;51;;;;;;;;;;;;;;;;;;;
Steuerfachangesteller;;;Handelsrecht I (Einfhrung);BHRE01-01;3;;51;;;;;;;;;;;;;;;;;;;
Steuerfachangesteller;;;Kosten- und Leistungsrechnung I (Einfhrung);BKLR01;3;;51;;;;;;;;;;;;;;;;;;;
Steuerfachangesteller;;;Recht I (Einfhrung);BREC01-01;3;;51;;;;;;;;;;;;;;;;;;;
Steuerfachangesteller;;;Selbst- und Zeitmanagement;BWIR02;5;;51;;;;;;;;;;;;;;;;;;;
Steuerfachangesteller;;;Steuerlehre I (Einfhrung);BSTE01-01;3;;51;;;;;;;;;;;;;;;;;;;
Steuerfachangesteller;;;Steuerlehre II (Vertiefung);BSTE02-01;2;;51;;;;;;;;;;;;;;;;;;;
;;;;;;;;;;;;;;;;;;;;;;;;;;
Steuerfachgehilfe;;;Buchfhrung und Bilanzierung I (Einfhrung);BBUB01-01;3;;52;;;;;;;;;;;;;;;;;;;
Steuerfachgehilfe;;;BWL I (Einfhrung);BBWL01;3;;52;;;;;;;;;;;;;;;;;;;
Steuerfachgehilfe;;;Finanzierung I (Einfhrung);BFIN01;3;;52;;;;;;;;;;;;;;;;;;;
Steuerfachgehilfe;;;Handels- und Gesellschaftsrecht I: Handelsrecht;DLRHUG01;5;;52;;;;;;;;;;;;;;;;;;;
Steuerfachgehilfe;;;Kosten- und Leistungsrechnung I (Einfhrung);BKLR01;3;;52;;;;;;;;;;;;;;;;;;;
Steuerfachgehilfe;;;Selbst- und Zeitmanagement;BWIR02;5;;52;;;;;;;;;;;;;;;;;;;
;;;;;;;;;;;;;;;;;;;;;;;;;;
Tourismuskaufmann;;;Buchfhrung und Bilanzierung I (Einfhrung);BBUB01-01;3;;53;;;;;;;;;;;;;;;;;;;
Tourismuskaufmann;;;Computer Training;BCTR01-01;5;;53;;;;;;;;;;;;;;;;;;;
Tourismuskaufmann;;;Marketing I;BMAR01-01;3;;53;;;;;;;;;;;;;;;;;;;
Tourismuskaufmann;;;Projektmanagement;BPMG01;5;;53;;;;;;;;;;;;;;;;;;;
Tourismuskaufmann;;;Recht I (Einfhrung);BREC01-01;3;;53;;;;;;;;;;;;;;;;;;;
Tourismuskaufmann;;;Selbst- und Zeitmanagement;BWIR02;5;;53;;;;;;;;;;;;;;;;;;;
;;;;;;;;;;;;;;;;;;;;;;;;;;
Veranstaltungkaufmann;;;Buchfhrung und Bilanzierung I (Einfhrung);BBUB01-01;3;;54;;;;;;;;;;;;;;;;;;;
Veranstaltungkaufmann;;;BWL I (Einfhrung);BBWL01;3;;54;;;;;;;;;;;;;;;;;;;
Veranstaltungkaufmann;;;Computer Training;BCTR01-01;5;;54;;;;;;;;;;;;;;;;;;;
Veranstaltungkaufmann;;;Kosten- und Leistungsrechnung I (Einfhrung);BKLR01;3;;54;;;;;;;;;;;;;;;;;;;
Veranstaltungkaufmann;;;Personalwesen I (Einfhrung);BPER01;3;;54;;;;;;;;;;;;;;;;;;;
Veranstaltungkaufmann;;;Projektmanagement;BPMG01;5;;54;;;;;;;;;;;;;;;;;;;
Veranstaltungkaufmann;;;Selbst- und Zeitmanagement;BWIR02;5;;54;;;;;;;;;;;;;;;;;;;
;;;;;;;;;;;;;;;;;;;;;;;;;;
Versicherungskaufmann;;;Buchfhrung und Bilanzierung I (Einfhrung);BBUB01-01;3;;55;;;;;;;;;;;;;;;;;;;
Versicherungskaufmann;;;BWL I (Einfhrung);BBWL01;3;;55;;;;;;;;;;;;;;;;;;;
Versicherungskaufmann;;;Computer Training;BCTR01-01;5;;55;;;;;;;;;;;;;;;;;;;
Versicherungskaufmann;;;Kosten- und Leistungsrechnung I (Einfhrung);BKLR01;3;;55;;;;;;;;;;;;;;;;;;;
Versicherungskaufmann;;;Selbst- und Zeitmanagement;BWIR02;5;;55;;;;;;;;;;;;;;;;;;;
;;;;;;;;;;;;;;;;;;;;;;;;;;
Verwaltungsfachangestellter;;;Beschaffung und Logistik;BBLO01;5;;56;;;;;;;;;;;;;;;;;;;
Verwaltungsfachangestellter;;;Buchfhrung und Bilanzierung I (Einfhrung);BBUB01-01;3;;56;;;;;;;;;;;;;;;;;;;
Verwaltungsfachangestellter;;;BWL I (Einfhrung);BBWL01;3;;56;;;;;;;;;;;;;;;;;;;
Verwaltungsfachangestellter;;;Computer Training;BCTR01-01;5;;56;;;;;;;;;;;;;;;;;;;
Verwaltungsfachangestellter;;;Kosten- und Leistungsrechnung I (Einfhrung);BKLR01;3;;56;;;;;;;;;;;;;;;;;;;
Verwaltungsfachangestellter;;;Marketing I;BMAR01-01;3;;56;;;;;;;;;;;;;;;;;;;
Verwaltungsfachangestellter;;;Personalwesen I (Einfhrung);BPER01;3;;56;;;;;;;;;;;;;;;;;;;
Verwaltungsfachangestellter;;;Recht I (Einfhrung);BREC01-01;3;;56;;;;;;;;;;;;;;;;;;;
Verwaltungsfachangestellter;;;Selbst- und Zeitmanagement;BWIR02;5;;56;;;;;;;;;;;;;;;;;;;
;;;;;;;;;;;;;;;;;;;;;;;;;;
Fachkaufmann fr Werbung und Kommunikation;IHK;;BWL I (Einfhrung);BBWL01;3;;57;;;;;;;;;;;;;;;;;;;
Fachkaufmann fr Werbung und Kommunikation;IHK;;Computer Training;BCTR01-01;5;;57;;;;;;;;;;;;;;;;;;;
Fachkaufmann fr Werbung und Kommunikation;IHK;;Makro”konomie I (Einfhrung);BMAK01;3;;57;;;;;;;;;;;;;;;;;;;
Fachkaufmann fr Werbung und Kommunikation;IHK;;Marketing I (Einfhrung);BMAR01;3;;57;;;;;;;;;;;;;;;;;;;
Fachkaufmann fr Werbung und Kommunikation;IHK;;Marketing II (Vertiefung);BMAR02;2;;57;;;;;;;;;;;;;;;;;;;
Fachkaufmann fr Werbung und Kommunikation;IHK;;Mikro”konomie I;BMIK01-01;3;;57;;;;;;;;;;;;;;;;;;;
Fachkaufmann fr Werbung und Kommunikation;IHK;;Recht I (Einfhrung);BREC01-01;3;;57;;;;;;;;;;;;;;;;;;;
Fachkaufmann fr Werbung und Kommunikation;IHK;;Selbst- und Zeitmanagement;BWIR02;5;;57;;;;;;;;;;;;;;;;;;;
;;;;;;;;;;;;;;;;;;;;;;;;;;
Geprfter Bankbetriebswirt;Frankfurt School of Finance;;Buchfhrung und Bilanzierung I (Einfhrung);BBUB01-01;3;;58;;;Weiterbildung;;;;;;;;;;;;;;;;
Geprfter Bankbetriebswirt;Frankfurt School of Finance;;BWL I (Einfhrung);BBWL01;3;;58;;;;;;;;;;;;;;;;;;;
Geprfter Bankbetriebswirt;Frankfurt School of Finance;;BWL II (Vertiefung);BBWL02;2;;58;;;;;;;;;;;;;;;;;;;
Geprfter Bankbetriebswirt;Frankfurt School of Finance;;Computer Training;BCTR01-01;5;;58;;;;;;;;;;;;;;;;;;;
Geprfter Bankbetriebswirt;Frankfurt School of Finance;;Controlling I (Einfhrung);BCON01;3;;58;;;;;;;;;;;;;;;;;;;
Geprfter Bankbetriebswirt;Frankfurt School of Finance;;Controlling II (Vertiefung);BCON02;2;;58;;;;;;;;;;;;;;;;;;;
Geprfter Bankbetriebswirt;Frankfurt School of Finance;;Dienstleistungsmanagement;BDMG01;5;;58;;;;;;;;;;;;;;;;;;;
Geprfter Bankbetriebswirt;Frankfurt School of Finance;;Handelsrecht I (Einfhrung);BHRE01-01;3;;58;;;;;;;;;;;;;;;;;;;
Geprfter Bankbetriebswirt;Frankfurt School of Finance;;Investition I (Einfhrung);BINV01;3;;58;;;;;;;;;;;;;;;;;;;
Geprfter Bankbetriebswirt;Frankfurt School of Finance;;Investition II (Vertiefung);BINV02;2;;58;;;;;;;;;;;;;;;;;;;
Geprfter Bankbetriebswirt;Frankfurt School of Finance;;Kosten- und Leistungsrechnung I (Einfhrung);BKLR01;3;;58;;;;;;;;;;;;;;;;;;;
Geprfter Bankbetriebswirt;Frankfurt School of Finance;;Marketing I (Einfhrung);BMAR01;3;;58;;;;;;;;;;;;;;;;;;;
Geprfter Bankbetriebswirt;Frankfurt School of Finance;;Projektmanagement;BPMG01;5;;58;;;;;;;;;;;;;;;;;;;
Geprfter Bankbetriebswirt;Frankfurt School of Finance;;Recht I (Einfhrung);BREC01-01;3;;58;;;;;;;;;;;;;;;;;;;
Geprfter Bankbetriebswirt;Frankfurt School of Finance;;Selbst- und Zeitmanagement;BWIR02;5;;58;;;;;;;;;;;;;;;;;;;
;;;;;;;;;;;;;;;;;;;;;;;;;;
Geprfter Bankfachwirt;Frankfurt School of Finance;;Buchfhrung und Bilanzierung I (Einfhrung);BBUB01-01;3;;59;;;Weiterbildung;;;;;;;;;;;;;;;;
Geprfter Bankfachwirt;Frankfurt School of Finance;;BWL I (Einfhrung);BBWL01;3;;59;;;;;;;;;;;;;;;;;;;
Geprfter Bankfachwirt;Frankfurt School of Finance;;Computer Training;BCTR01-01;5;;59;;;;;;;;;;;;;;;;;;;
Geprfter Bankfachwirt;Frankfurt School of Finance;;Controlling I (Einfhrung);BCON01;3;;59;;;;;;;;;;;;;;;;;;;
Geprfter Bankfachwirt;Frankfurt School of Finance;;Handelsrecht I (Einfhrung);BHRE01-01;3;;59;;;;;;;;;;;;;;;;;;;
Geprfter Bankfachwirt;Frankfurt School of Finance;;Investition I (Einfhrung);BINV01;3;;59;;;;;;;;;;;;;;;;;;;
Geprfter Bankfachwirt;Frankfurt School of Finance;;Kosten- und Leistungsrechnung I (Einfhrung);BKLR01;3;;59;;;;;;;;;;;;;;;;;;;
Geprfter Bankfachwirt;Frankfurt School of Finance;;Marketing I (Einfhrung);BMAR01;3;;59;;;;;;;;;;;;;;;;;;;
Geprfter Bankfachwirt;Frankfurt School of Finance;;Recht I (Einfhrung);BREC01-01;3;;59;;;;;;;;;;;;;;;;;;;
Geprfter Bankfachwirt;Frankfurt School of Finance;;Selbst- und Zeitmanagement;BWIR02;5;;59;;;;;;;;;;;;;;;;;;;
;;;;;;;;;;;;;;;;;;;;;;;;;;
Geprfter Bankfachwirt;IHK;;Buchfhrung und Bilanzierung I (Einfhrung);BBUB01-01;3;;60;;;;;;;;;;;;;;;;;;;
Geprfter Bankfachwirt;IHK;;BWL I (Einfhrung);BBWL01;3;;60;;;;;;;;;;;;;;;;;;;
Geprfter Bankfachwirt;IHK;;Computer Training;BCTR01-01;5;;60;;;;;;;;;;;;;;;;;;;
Geprfter Bankfachwirt;IHK;;Controlling I (Einfhrung);BCON01;3;;60;;;;;;;;;;;;;;;;;;;
Geprfter Bankfachwirt;IHK;;Finanzierung I (Einfhrung);BFIN01;3;;60;;;;;;;;;;;;;;;;;;;
Geprfter Bankfachwirt;IHK;;Handelsrecht I (Einfhrung);BHRE01-01;3;;60;;;;;;;;;;;;;;;;;;;
Geprfter Bankfachwirt;IHK;;Investition I (Einfhrung);BINV01;3;;60;;;;;;;;;;;;;;;;;;;
Geprfter Bankfachwirt;IHK;;Kosten- und Leistungsrechnung I (Einfhrung);BKLR01;3;;60;;;;;;;;;;;;;;;;;;;
Geprfter Bankfachwirt;IHK;;Makro”konomie I (Einfhrung);BMAK01;3;;60;;;;;;;;;;;;;;;;;;;
Geprfter Bankfachwirt;IHK;;Mikro”konomie I;BMIK01-01;3;;60;;;;;;;;;;;;;;;;;;;
Geprfter Bankfachwirt;IHK;;Recht I (Einfhrung);BREC01-01;3;;60;;;;;;;;;;;;;;;;;;;
Geprfter Bankfachwirt;IHK;;Selbst- und Zeitmanagement;BWIR02;5;;60;;;;;;;;;;;;;;;;;;;
;;;;;;;;;;;;;;;;;;;;;;;;;;
Geprfter Betriebswirt - Schwerpunkt Marketing;IHK Bremen;;Buchfhrung und Bilanzierung I (Einfhrung);BBUB01-01;3;;61;;;;;;;;;;;;;;;;;;;
Geprfter Betriebswirt - Schwerpunkt Marketing;IHK Bremen;;BWL I (Einfhrung);BBWL01;3;;61;;;;;;;;;;;;;;;;;;;
Geprfter Betriebswirt - Schwerpunkt Marketing;IHK Bremen;;Computer Training;BCTR01-01;5;;61;;;;;;;;;;;;;;;;;;;
Geprfter Betriebswirt - Schwerpunkt Marketing;IHK Bremen;;Controlling I (Einfhrung);BCON01;3;;61;;;;;;;;;;;;;;;;;;;
Geprfter Betriebswirt - Schwerpunkt Marketing;IHK Bremen;;Einfhrung in das wissenschaftliche Arbeiten;BWIR01;5;;61;;;;;;;;;;;;;;;;;;;
Geprfter Betriebswirt - Schwerpunkt Marketing;IHK Bremen;;Handelsrecht I (Einfhrung);BHRE01-01;3;;61;;;;;;;;;;;;;;;;;;;
Geprfter Betriebswirt - Schwerpunkt Marketing;IHK Bremen;;Internationales Brand Management;BWMI02;5;;61;;;;;;;;;;;;;;;;;;;
Geprfter Betriebswirt - Schwerpunkt Marketing;IHK Bremen;;Internationales Marketing;BWMI01;5;;61;;;;;;;;;;;;;;;;;;;
Geprfter Betriebswirt - Schwerpunkt Marketing;IHK Bremen;;Investition I (Einfhrung);BINV01;3;;61;;;;;;;;;;;;;;;;;;;
Geprfter Betriebswirt - Schwerpunkt Marketing;IHK Bremen;;Kosten- und Leistungsrechnung I (Einfhrung);BKLR01;3;;61;;;;;;;;;;;;;;;;;;;
Geprfter Betriebswirt - Schwerpunkt Marketing;IHK Bremen;;Marketing I (Einfhrung);BMAR01;3;;61;;;;;;;;;;;;;;;;;;;
Geprfter Betriebswirt - Schwerpunkt Marketing;IHK Bremen;;Marketing II (Vertiefung);BMAR02;2;;61;;;;;;;;;;;;;;;;;;;
Geprfter Betriebswirt - Schwerpunkt Marketing;IHK Bremen;;Marktforschung;BMFO01;5;;61;;;;;;;;;;;;;;;;;;;
Geprfter Betriebswirt - Schwerpunkt Marketing;IHK Bremen;;Projektmanagement;BPMG01;5;;61;;;;;;;;;;;;;;;;;;;
Geprfter Betriebswirt - Schwerpunkt Marketing;IHK Bremen;;Recht I (Einfhrung);BREC01-01;3;;61;;;;;;;;;;;;;;;;;;;
Geprfter Betriebswirt - Schwerpunkt Marketing;IHK Bremen;;Selbst- und Zeitmanagement;BWIR02;5;;61;;;;;;;;;;;;;;;;;;;
Geprfter Betriebswirt - Schwerpunkt Marketing;IHK Bremen;;Wirtschaftsmathematik;BWMA01;5;;61;;;;;;;;;;;;;;;;;;;
;;;;;;;;;;;;;;;;;;;;;;;;;;
Geprfter Betriebswirt - Schwerpunkt Rechnungswesen;IHK Bremen;;Buchfhrung und Bilanzierung I (Einfhrung);BBUB01-01;3;;62;;;;;;;;;;;;;;;;;;;
Geprfter Betriebswirt - Schwerpunkt Rechnungswesen;IHK Bremen;;Buchfhrung und Bilanzierung II (Vertiefung);BBUB02-01;2;;62;;;;;;;;;;;;;;;;;;;
Geprfter Betriebswirt - Schwerpunkt Rechnungswesen;IHK Bremen;;Business Controlling I;BWBC01;5;;62;;;;;;;;;;;;;;;;;;;
Geprfter Betriebswirt - Schwerpunkt Rechnungswesen;IHK Bremen;;Business Controlling II;BWBC02;5;;62;;;;;;;;;;;;;;;;;;;
Geprfter Betriebswirt - Schwerpunkt Rechnungswesen;IHK Bremen;;BWL I (Einfhrung);BBWL01;3;;62;;;;;;;;;;;;;;;;;;;
Geprfter Betriebswirt - Schwerpunkt Rechnungswesen;IHK Bremen;;Computer Training;BCTR01-01;5;;62;;;;;;;;;;;;;;;;;;;
Geprfter Betriebswirt - Schwerpunkt Rechnungswesen;IHK Bremen;;Controlling I (Einfhrung);BCON01;3;;62;;;;;;;;;;;;;;;;;;;
Geprfter Betriebswirt - Schwerpunkt Rechnungswesen;IHK Bremen;;Controlling II (Vertiefung);BCON02;2;;62;;;;;;;;;;;;;;;;;;;
Geprfter Betriebswirt - Schwerpunkt Rechnungswesen;IHK Bremen;;Einfhrung in das wissenschaftliche Arbeiten;BWIR01;5;;62;;;;;;;;;;;;;;;;;;;
Geprfter Betriebswirt - Schwerpunkt Rechnungswesen;IHK Bremen;;Handelsrecht I (Einfhrung);BHRE01-01;3;;62;;;;;;;;;;;;;;;;;;;
Geprfter Betriebswirt - Schwerpunkt Rechnungswesen;IHK Bremen;;Investition I (Einfhrung);BINV01;3;;62;;;;;;;;;;;;;;;;;;;
Geprfter Betriebswirt - Schwerpunkt Rechnungswesen;IHK Bremen;;Kosten- und Leistungsrechnung I (Einfhrung);BKLR01;3;;62;;;;;;;;;;;;;;;;;;;
Geprfter Betriebswirt - Schwerpunkt Rechnungswesen;IHK Bremen;;Marketing I (Einfhrung);BMAR01;3;;62;;;;;;;;;;;;;;;;;;;
Geprfter Betriebswirt - Schwerpunkt Rechnungswesen;IHK Bremen;;Marktforschung;BMFO01;5;;62;;;;;;;;;;;;;;;;;;;
Geprfter Betriebswirt - Schwerpunkt Rechnungswesen;IHK Bremen;;Projektmanagement;BPMG01;5;;62;;;;;;;;;;;;;;;;;;;
Geprfter Betriebswirt - Schwerpunkt Rechnungswesen;IHK Bremen;;Recht I (Einfhrung);BREC01-01;3;;62;;;;;;;;;;;;;;;;;;;
Geprfter Betriebswirt - Schwerpunkt Rechnungswesen;IHK Bremen;;Selbst- und Zeitmanagement;BWIR02;5;;62;;;;;;;;;;;;;;;;;;;
Geprfter Betriebswirt - Schwerpunkt Rechnungswesen;IHK Bremen;;Wirtschaftsmathematik;BWMA01;5;;62;;;;;;;;;;;;;;;;;;;
;;;;;;;;;;;;;;;;;;;;;;;;;;
Geprfter Betriebswirt;HWK;;Buchfhrung und Bilanzierung I (Einfhrung);BBUB01-01;3;;63;;;;;;;;;;;;;;;;;;;
Geprfter Betriebswirt;HWK;;BWL I (Einfhrung);BBWL01;3;;63;;;;;;;;;;;;;;;;;;;
Geprfter Betriebswirt;HWK;;BWL II (Vertiefung);BBWL02;2;;63;;;;;;;;;;;;;;;;;;;
Geprfter Betriebswirt;HWK;;Computer Training;BCTR01-01;5;;63;;;;;;;;;;;;;;;;;;;
Geprfter Betriebswirt;HWK;;Controlling I (Einfhrung);BCON01;3;;63;;;;;;;;;;;;;;;;;;;
Geprfter Betriebswirt;HWK;;Handelsrecht I (Einfhrung);BHRE01-01;3;;63;;;;;;;;;;;;;;;;;;;
Geprfter Betriebswirt;HWK;;Kosten- und Leistungsrechnung I (Einfhrung);BKLR01;3;;63;;;;;;;;;;;;;;;;;;;
Geprfter Betriebswirt;HWK;;Marketing I (Einfhrung);BMAR01;3;;63;;;;;;;;;;;;;;;;;;;
Geprfter Betriebswirt;HWK;;Recht I (Einfhrung);BREC01-01;3;;63;;;;;;;;;;;;;;;;;;;
Geprfter Betriebswirt;HWK;;Selbst- und Zeitmanagement;BWIR02;5;;63;;;;;;;;;;;;;;;;;;;
;;;;;;;;;;;;;;;;;;;;;;;;;;
Geprfter Betriebswirt;IHK;;Buchfhrung und Bilanzierung I (Einfhrung);BBUB01-01;3;;64;;;;;;;;;;;;;;;;;;;
Geprfter Betriebswirt;IHK;;BWL I (Einfhrung);BBWL01;3;;64;;;;;;;;;;;;;;;;;;;
Geprfter Betriebswirt;IHK;;Computer Training;BCTR01-01;5;;64;;;;;;;;;;;;;;;;;;;
Geprfter Betriebswirt;IHK;;Controlling I (Einfhrung);BCON01;3;;64;;;;;;;;;;;;;;;;;;;
Geprfter Betriebswirt;IHK;;Finanzierung I (Einfhrung);BFIN01;3;;64;;;;;;;;;;;;;;;;;;;
Geprfter Betriebswirt;IHK;;Handelsrecht I (Einfhrung);BHRE01-01;3;;64;;;;;;;;;;;;;;;;;;;
Geprfter Betriebswirt;IHK;;Investition I (Einfhrung);BINV01;3;;64;;;;;;;;;;;;;;;;;;;
Geprfter Betriebswirt;IHK;;Kosten- und Leistungsrechnung I (Einfhrung);BKLR01;3;;64;;;;;;;;;;;;;;;;;;;
Geprfter Betriebswirt;IHK;;Makro”konomie I (Einfhrung);BMAK01;3;;64;;;;;;;;;;;;;;;;;;;
Geprfter Betriebswirt;IHK;;Marketing I (Einfhrung);BMAR01;3;;64;;;;;;;;;;;;;;;;;;;
Geprfter Betriebswirt;IHK;;Mikro”konomie I;BMIK01-01;3;;64;;;;;;;;;;;;;;;;;;;
Geprfter Betriebswirt;IHK;;Praxisprojekt;BWPP01;10;;64;;;;;;;;;;;;;;;;;;;
Geprfter Betriebswirt;IHK;;Projektmanagement;BPMG01;5;;64;;;;;;;;;;;;;;;;;;;
Geprfter Betriebswirt;IHK;;Recht I (Einfhrung);BREC01-01;3;;64;;;;;;;;;;;;;;;;;;;
Geprfter Betriebswirt;IHK;;Selbst- und Zeitmanagement;BWIR02;5;;64;;;;;;;;;;;;;;;;;;;
Geprfter Betriebswirt;IHK;;Steuerlehre I (Einfhrung);BSTE01-01;3;;64;;;;;;;;;;;;;;;;;;;
;;;;;;;;;;;;;;;;;;;;;;;;;;
Geprfter Bilanzbuchhalter;IHK;;Buchfhrung und Bilanzierung I (Einfhrung);BBUB01-01;3;;65;;;;;;;;;;;;;;;;;;;
Geprfter Bilanzbuchhalter;IHK;;Buchfhrung und Bilanzierung II (Vertiefung);BBUB02-01;2;;65;;;;;;;;;;;;;;;;;;;
Geprfter Bilanzbuchhalter;IHK;;BWL I (Einfhrung);BBWL01;3;;65;;;;;;;;;;;;;;;;;;;
Geprfter Bilanzbuchhalter;IHK;;Computer Training;BCTR01-01;5;;65;;;;;;;;;;;;;;;;;;;
Geprfter Bilanzbuchhalter;IHK;;Controlling I (Einfhrung);BCON01;3;;65;;;;;;;;;;;;;;;;;;;
Geprfter Bilanzbuchhalter;IHK;;Handelsrecht I (Einfhrung);BHRE01-01;3;;65;;;;;;;;;;;;;;;;;;;
Geprfter Bilanzbuchhalter;IHK;;Investition I (Einfhrung);BINV01;3;;65;;;;;;;;;;;;;;;;;;;
Geprfter Bilanzbuchhalter;IHK;;Kosten- und Leistungsrechnung I (Einfhrung);BKLR01;3;;65;;;;;;;;;;;;;;;;;;;
Geprfter Bilanzbuchhalter;IHK;;Kosten- und Leistungsrechnung II (Vertiefung);BKLR02;2;;65;;;;;;;;;;;;;;;;;;;
Geprfter Bilanzbuchhalter;IHK;;Recht I (Einfhrung);BREC01-01;3;;65;;;;;;;;;;;;;;;;;;;
Geprfter Bilanzbuchhalter;IHK;;Selbst- und Zeitmanagement;BWIR02;5;;65;;;;;;;;;;;;;;;;;;;
;;;;;;;;;;;;;;;;;;;;;;;;;;
Geprfter Controller;IHK;;Buchfhrung und Bilanzierung I (Einfhrung);BBUB01-01;3;;66;;;;;;;;;;;;;;;;;;;
Geprfter Controller;IHK;;Buchfhrung und Bilanzierung II (Vertiefung);BBUB02-01;2;;66;;;;;;;;;;;;;;;;;;;
Geprfter Controller;IHK;;Business Controlling I;BWBC01;5;;66;;;;;;;;;;;;;;;;;;;
Geprfter Controller;IHK;;Business Controlling II;BWBC02;5;;66;;;;;;;;;;;;;;;;;;;
Geprfter Controller;IHK;;BWL I (Einfhrung);BBWL01;3;;66;;;;;;;;;;;;;;;;;;;
Geprfter Controller;IHK;;Computer Training;BCTR01-01;5;;66;;;;;;;;;;;;;;;;;;;
Geprfter Controller;IHK;;Controlling I (Einfhrung);BCON01;3;;66;;;;;;;;;;;;;;;;;;;
Geprfter Controller;IHK;;Controlling II (Vertiefung);BCON02;2;;66;;;;;;;;;;;;;;;;;;;
Geprfter Controller;IHK;;Kosten- und Leistungsrechnung I (Einfhrung);BKLR01;3;;66;;;;;;;;;;;;;;;;;;;
Geprfter Controller;IHK;;Kosten- und Leistungsrechnung II (Vertiefung);BKLR02;2;;66;;;;;;;;;;;;;;;;;;;
Geprfter Controller;IHK;;Selbst- und Zeitmanagement;BWIR02;5;;66;;;;;;;;;;;;;;;;;;;
;;;;;;;;;;;;;;;;;;;;;;;;;;
Geprfter Fachkaufmann fr Auáenwirtschaft;IHK;;Buchfhrung und Bilanzierung I (Einfhrung);BBUB01-01;3;;67;;;;;;;;;;;;;;;;;;;
Geprfter Fachkaufmann fr Auáenwirtschaft;IHK;;Business Controlling I;BWBC01;5;;67;;;;;;;;;;;;;;;;;;;
Geprfter Fachkaufmann fr Auáenwirtschaft;IHK;;BWL I (Einfhrung);BBWL01;3;;67;;;;;;;;;;;;;;;;;;;
Geprfter Fachkaufmann fr Auáenwirtschaft;IHK;;Computer Training;BCTR01-01;5;;67;;;;;;;;;;;;;;;;;;;
Geprfter Fachkaufmann fr Auáenwirtschaft;IHK;;Handelsrecht I (Einfhrung);BHRE01-01;3;;67;;;;;;;;;;;;;;;;;;;
Geprfter Fachkaufmann fr Auáenwirtschaft;IHK;;Marketing I (Einfhrung);BMAR01;3;;67;;;;;;;;;;;;;;;;;;;
Geprfter Fachkaufmann fr Auáenwirtschaft;;;Marktforschung;BMFO01;5;;67;;;;;;;;;;;;;;;;;;;
Geprfter Fachkaufmann fr Auáenwirtschaft;;;Projektmanagement;BPMG01;5;;67;;;;;;;;;;;;;;;;;;;
Geprfter Fachkaufmann fr Auáenwirtschaft;;;Recht I (Einfhrung);BREC01-01;3;;67;;;;;;;;;;;;;;;;;;;
Geprfter Fachkaufmann fr Auáenwirtschaft;;;Selbst- und Zeitmanagement;BWIR02;5;;67;;;;;;;;;;;;;;;;;;;
;;;;;;;;;;;;;;;;;;;;;;;;;;
Geprfter Fachkaufmann fr Bro- und Projektorganisation;IHK;;Buchfhrung und Bilanzierung I (Einfhrung);BBUB01-01;3;;68;;;;;;;;;;;;;;;;;;;
Geprfter Fachkaufmann fr Bro- und Projektorganisation;IHK;;BWL I (Einfhrung);BBWL01;3;;68;;;;;;;;;;;;;;;;;;;
Geprfter Fachkaufmann fr Bro- und Projektorganisation;IHK;;Computer Training;BCTR01-01;5;;68;;;;;;;;;;;;;;;;;;;
Geprfter Fachkaufmann fr Bro- und Projektorganisation;IHK;;Controlling I (Einfhrung);BCON01;3;;68;;;;;;;;;;;;;;;;;;;
Geprfter Fachkaufmann fr Bro- und Projektorganisation;IHK;;IT-Aspekte des Projektmanagements;BWPM02;5;;68;;;;;;;;;;;;;;;;;;;
Geprfter Fachkaufmann fr Bro- und Projektorganisation;IHK;;Kosten- und Leistungsrechnung I (Einfhrung);BKLR01;3;;68;;;;;;;;;;;;;;;;;;;
Geprfter Fachkaufmann fr Bro- und Projektorganisation;IHK;;Projektmanagement;BPMG01;5;;68;;;;;;;;;;;;;;;;;;;
Geprfter Fachkaufmann fr Bro- und Projektorganisation;IHK;;Selbst- und Zeitmanagement;BWIR02;5;;68;;;;;;;;;;;;;;;;;;;
Geprfter Fachkaufmann fr Bro- und Projektorganisation;IHK;;Spezialaspekte des Projektmanagements;BWPM01;5;;68;;;;;;;;;;;;;;;;;;;
;;;;;;;;;;;;;;;;;;;;;;;;;;
Geprfter Fachkaufmann fr Bromanagement;IHK;;BWL I (Einfhrung);BBWL01;3;;69;;;;;;;;;;;;;;;;;;;
Geprfter Fachkaufmann fr Bromanagement;IHK;;Computer Training;BCTR01-01;5;;69;;;;;;;;;;;;;;;;;;;
Geprfter Fachkaufmann fr Bromanagement;IHK;;Personalwesen I (Einfhrung);BPER01;3;;69;;;;;;;;;;;;;;;;;;;
Geprfter Fachkaufmann fr Bromanagement;IHK;;Selbst- und Zeitmanagement;BWIR02;5;;69;;;;;;;;;;;;;;;;;;;
;;;;;;;;;;;;;;;;;;;;;;;;;;
Betriebswirtschaft I - 10 ECTS;DHfPG - Deutsche Hochschule fr Pr„vention und Gesundheitsmanagement;;BWL I (Einfhrung);BBWL01;3;;70;;;Bachelor;;;;;;;;;;;;;;;;
Wissenschaftliches Arbeiten I - 5 ECTS;DHfPG - Deutsche Hochschule fr Pr„vention und Gesundheitsmanagement;;Wissenschaftliches Arbeiten;;5;;71;;;Bachelor;;;;;;;;;;;;;;;;
;;;;;;;;;;;;;;;;;;;;;;;;;;
;;;;;;;;;;;;;;;;;;;;;;;;;;
Grundlagen der Betriebswirtschaftslehre - 5 ECTS;Hochschule Ansbach;;BWL I (Einfhrung);BBWL01;3;;72;;;Bachelor;;;;;;;;;;;;;;;;
Angewandtes Projektmanagement - Handel und Dienstleistung I;Hochschule Ansbach;;Projektmanagement;BPMG01;5;;73;;;;;;;;;;;;;;;;;;;
Internationales Marketing;Hochschule Ansbach;;Internationales Marketing;BWMI01;5;;74;;;;;;;;;;;;;;;;;;;
