Name Vorleistung,Institution / Anbieter,Modul,Kursname,Modulcode,ECTS,Zusatz,Nummer,Geprüft am,Geprüft von,URL,test,test,test,testst
Staatlich anerkannter Altenpfleger,,Ambulante Kranken- und Altenpflege,Ambulante Kranken- und Altenpflege I,DLBPMAKAP01,5,*zur Wahl,1,,,,,,,
Staatlich anerkannter Altenpfleger,,Gesundheit und Prävention,Gesundheit und Prävention,DLGGUP01,5,,1,,,,,,,
Staatlich anerkannter Altenpfleger,,Kollaboratives Arbeiten,Kollaboratives Arbeiten,DLBKA01,5,,1,,,,,,,
Staatlich anerkannter Altenpfleger,,Sozialpolitik,Sozialpolitik,DLGSPO01-01,5,,1,,,,,,,
Staatlich anerkannter Altenpfleger,,Stationäre Kranken- und Altenpflege,Stationäre Kranken- und Altenpflege I,DLBPMSKAP02,5,*zur Wahl,1,,,,,,,
,,,,,,,,,,,,,,
Bankkaufmann/-frau,IHK,Betriebswirtschaftslehre,BWL I,BBWL01-01,3,,2,,,https://www.iubh-fernstudium.de/modul/betriebswirtschaftslehre-bbwl-01/,,,,
Bankkaufmann/-frau,IHK,Buchführung und Bilanzierung,Buchführung und Bilanzierung I,BBUB01-01,3,,2,,,https://www.iubh-fernstudium.de/modul/buchfuehrung-und-bilanzierung-bbub-01/,,,,
Bankkaufmann/-frau,IHK,Buchführung und Bilanzierung,Buchführung und Bilanzierung II,BBUB02-01,2,hier könnte noch was stehen,2,,,https://www.iubh-fernstudium.de/modul/buchfuehrung-und-bilanzierung-bbub-01/,,,,
Bankkaufmann/-frau,IHK,Computer Training,Computer Training,BCTR01-01,5,*zur Wahl,2,,,,,,,
Bankkaufmann/-frau,IHK,Financial Services Management I,Financial Services Management I,BWFS01,5,,2,,,,,,,
Bankkaufmann/-frau,IHK,Kollaboratives Arbeiten,Kollaboratives Arbeiten,DLBKA01,5,,2,,,,,,,
Bankkaufmann/-frau,IHK,Kosten- und Leistungsrechnung,Kosten- und Leistungsrechnung I,BKLR01-01,3,,2,,,,,,,
Bankkaufmann/-frau,IHK,Marketing,Marketing I,BMAR01-01,3,,2,,,,,,,
Bankkaufmann/-frau,IHK,Ökonomie und Markt,Ökonomie und Markt,DLBOUM01,5,,2,,,,,,,
Bankkaufmann/-frau,IHK,Recht,Recht I,BREC01-02,3,,2,,,,,,,
,,,,,,,,,,,,,,
Kaufmann/-frau für Gesundheitswesen,IHK,Betriebswirtschaftslehre,BWL I,BBWL01-01,3,,3,,,,,,,
Kaufmann/-frau für Gesundheitswesen,IHK,Buchführung und Bilanzierung,Buchführung und Bilanzierung I,BBUB01-01,3,,3,,,,,,,
Kaufmann/-frau für Gesundheitswesen,IHK,Kollaboratives Arbeiten,Kollaboratives Arbeiten,DLBKA01,5,,3,,,,,,,
Kaufmann/-frau für Gesundheitswesen,IHK,Kosten- und Leistungsrechnung,Kosten- und Leistungsrechnung I,BKLR01-01,3,,3,,,,,,,
Kaufmann/-frau für Gesundheitswesen,IHK,Personalwesen,Personalwesen I,BPER01-01,3,,3,,,,,,,
Kaufmann/-frau für Gesundheitswesen,IHK,Recht,Recht I,BREC01-02,3,,3,,,,,,,
,,,,,,,,,,,,,,
Assistent für Hotelmanagement,,Buchführung und Bilanzierung,Buchführung und Bilanzierung I (Einführung),BBUB01-01,3,,4,,,,,,,
Assistent für Hotelmanagement,,Betriebswirtschaftslehre,BWL I (Einführung),BBWL01,3,,4,,,,,,,
Assistent für Hotelmanagement,,Computer Training,Computer Training,BCTR01-01,5,,4,,,,,,,
Assistent für Hotelmanagement,,Kosten- und Leistungsrechnung,Kosten- und Leistungsrechnung I (Einführung),BKLR01,3,,4,,,,,,,
Assistent für Hotelmanagement,,Marketing,Marketing I,BMAR01-01,3,,4,,,,,,,
Assistent für Hotelmanagement,,Recht,Recht I (Einführung),BREC01-01,3,,4,,,,,,,
Assistent für Hotelmanagement,,,Selbst- und Zeitmanagement,BWIR02,5,,4,,,,,,,
Assistent für Hotelmanagement,,Personalwesen,Personalwesen I (Einführung),BPER01,3,,4,,,,,,,
,,,,,,,,,,,,,,
Automobilkaufmann,,Buchführung und Bilanzierung,Buchführung und Bilanzierung I (Einführung),BBUB01-01,3,,5,,,,,,,
Automobilkaufmann,,Business Controlling,Business Controlling I,BWBC01,5,,5,,,,,,,
Automobilkaufmann,,Betriebswirtschaftslehre,BWL I (Einführung),BBWL01,3,,5,,,,,,,
Automobilkaufmann,,Computer Training,Computer Training,BCTR01-01,5,,5,,,,,,,
Automobilkaufmann,,Kosten- und Leistungsrechnung,Kosten- und Leistungsrechnung I (Einführung),BKLR01,3,,5,,,,,,,
Automobilkaufmann,,Marketing,Marketing I,BMAR01-01,3,,5,,,,,,,
Automobilkaufmann,,,Selbst- und Zeitmanagement,BWIR02,5,,5,,,,,,,
Automobilkaufmann,,Controlling,Controlling I (Einführung),BCON01,3,,5,,,,,,,
,,,,,,,,,,,,,,
Bankkaufmann mit Zusatz Finanzassistent,IHK,,Buchführung und Bilanzierung I (Einführung),BBUB01-01,3,,6,,,,,,,
Bankkaufmann mit Zusatz Finanzassistent,IHK,,BWL I (Einführung),BBWL01,3,,6,,,,,,,
Bankkaufmann mit Zusatz Finanzassistent,IHK,,Computer Training,BCTR01-01,5,,6,,,,,,,
Bankkaufmann mit Zusatz Finanzassistent,IHK,,Financial Services Management I,BWFS01,5,,6,,,,,,,
Bankkaufmann mit Zusatz Finanzassistent,IHK,,Finanzierung I (Einführung),BFIN01,3,,6,,,,,,,
Bankkaufmann mit Zusatz Finanzassistent,IHK,,Finanzmärkte,DLFFZM01,5,,6,,,,,,,
Bankkaufmann mit Zusatz Finanzassistent,IHK,,Kosten- und Leistungsrechnung I (Einführung),BKLR01,3,,6,,,,,,,
Bankkaufmann mit Zusatz Finanzassistent,IHK,,Marketing I,BMAR01-01,3,,6,,,,,,,
Bankkaufmann mit Zusatz Finanzassistent,IHK,,Recht I (Einführung),BREC01-01,3,,6,,,,,,,
Bankkaufmann mit Zusatz Finanzassistent,IHK,,Selbst- und Zeitmanagement,BWIR02,5,,6,,,,,,,
Bankkaufmann mit Zusatz Finanzassistent,IHK,,Steuerlehre I (Einführung),BSTE01-01,3,,6,,,,,,,
,,,,,,,,,,,,,,
Bürokaufmann,IHK,,Buchführung und Bilanzierung I (Einführung),BBUB01-01,3,,7,,,,,,,
Bürokaufmann,IHK,,BWL I (Einführung),BBWL01,3,,7,,,,,,,
Bürokaufmann,IHK,,Computer Training,BCTR01-01,5,,7,,,,,,,
Bürokaufmann,IHK,,Kosten- und Leistungsrechnung I (Einführung),BKLR01,3,,7,,,,,,,
Bürokaufmann,IHK,,Selbst- und Zeitmanagement,BWIR02,5,,7,,,,,,,
,,,,,,,,,,,,,,
Diploma in Hotel & Tourismus,,,Buchführung und Bilanzierung I (Einführung),BBUB01-01,3,,8,,,,,,,
Diploma in Hotel & Tourismus,,,BWL I (Einführung),BBWL01,3,,8,,,,,,,
Diploma in Hotel & Tourismus,,,Computer Training,BCTR01-01,5,,8,,,,,,,
Diploma in Hotel & Tourismus,,,Kosten- und Leistungsrechnung I (Einführung),BKLR01,3,,8,,,,,,,
Diploma in Hotel & Tourismus,,,Marketing I,BMAR01-01,3,,8,,,,,,,
Diploma in Hotel & Tourismus,,,Ökonomie und Markt,DLBOUM01,5,,8,,,,,,,
Diploma in Hotel & Tourismus,,,Recht I (Einführung),BREC01-01,3,,8,,,,,,,
Diploma in Hotel & Tourismus,,,Selbst- und Zeitmanagement,BWIR02,5,,8,,,,,,,
Diploma in Hotel & Tourismus,,,Tourismusmanagement I (Einführung),BWTO01,5,,8,,,,,,,
,,,,,,,,,,,,,,
Fachangestellter für Arbeitsförderung,,,BWL I (Einführung),BBWL01,3,,9,,,,,,,
Fachangestellter für Arbeitsförderung,,,Computer Training,BCTR01-01,5,,9,,,,,,,
Fachangestellter für Arbeitsförderung,,,Makroökonomie I (Einführung),BMAK01,3,,9,,,,,,,
Fachangestellter für Arbeitsförderung,,,Mikroökonomie I,BMIK01-01,3,,9,,,,,,,
Fachangestellter für Arbeitsförderung,,,Selbst- und Zeitmanagement,BWIR02,5,,9,,,,,,,
,,,,,,,,,,,,,,
Fachinformatiker für Anwendungsentwicklung,,,BWL I (Einführung),BBWL01,3,,10,,,,,,,
Fachinformatiker für Anwendungsentwicklung,,,Grundlagen der industriellen Softwaretechnik,IGIS01,5,,10,,,,,,,
Fachinformatiker für Anwendungsentwicklung,,,Grundlagen der objektorientierten Programmierung mit Java,IOBP01,5,,10,,,,,,,
Fachinformatiker für Anwendungsentwicklung,,,Kosten- und Leistungsrechnung I (Einführung),BKLR01,3,,10,,,,,,,
Fachinformatiker für Anwendungsentwicklung,,,Marketing I (Einführung),BMAR01,3,,10,,,,,,,
Fachinformatiker für Anwendungsentwicklung,,,Selbst- und Zeitmanagement,BWIR02,5,,10,,,,,,,
,,,,,,,,,,,,,,
Fachinformatiker für Systementwicklung,,,BWL I (Einführung),BBWL01,3,,11,,,,,,,
Fachinformatiker für Systementwicklung,,,Computer Training,BCTR01-01,5,,11,,,,,,,
Fachinformatiker für Systementwicklung,,,Kosten- und Leistungsrechnung I (Einführung),BKLR01,3,,11,,,,,,,
Fachinformatiker für Systementwicklung,,,Marketing I,BMAR01-01,3,,11,,,,,,,
Fachinformatiker für Systementwicklung,,,Selbst- und Zeitmanagement,BWIR02,5,,11,,,,,,,
,,,,,,,,,,,,,,
Fachinformatiker für Systemintegration,,,BWL I (Einführung),BBWL01,3,,12,,,,,,,
Fachinformatiker für Systemintegration,,,Grundlagen der industriellen Softwaretechnik,IGIS01,5,,12,,,,,,,
Fachinformatiker für Systemintegration,,,Kosten- und Leistungsrechnung I (Einführung),BKLR01,3,,12,,,,,,,
Fachinformatiker für Systemintegration,,,Marketing I (Einführung),BMAR01,3,,12,,,,,,,
Fachinformatiker für Systemintegration,,,Requirements Engineering,IREN01,5,,12,,,,,,,
Fachinformatiker für Systemintegration,,,Selbst- und Zeitmanagement,BWIR02,5,,12,,,,,,,
,,,,,,,,,,,,,,
Fachmann für Systemgastronomie,,,BWL I (Einführung),BBWL01,3,,13,,,,,,,
Fachmann für Systemgastronomie,,,Computer Training,BCTR01-01,5,,13,,,,,,,
Fachmann für Systemgastronomie,,,Controlling I (Einführung),BCON01,3,,13,,,,,,,
Fachmann für Systemgastronomie,,,Marketing I,BMAR01-01,3,,13,,,,,,,
Fachmann für Systemgastronomie,,,Selbst- und Zeitmanagement,BWIR02,5,,13,,,,,,,
,,,,,,,,,,,,,,
Fluglotse,,,Computer Training,BCTR01-01,5,,14,,,,,,,
Fluglotse,,,Selbst- und Zeitmanagement,BWIR02,5,,14,,,,,,,
,,,,,,,,,,,,,,
HAK,Handelsakademie,,Buchhaltung und Bilanzierung in Österreich,DLBBUBOE01,5,,15,,,,,,,
HAK,Handelsakademie,,BWL I,BBWL01-01,3,,15,,,,,,,
HAK,Handelsakademie,,BWL II,BBWL02-01,2,,15,,,,,,,
HAK,Handelsakademie,,Computer Training,BCTR01-01,5,,15,,,,,,,
HAK,Handelsakademie,,Fremdsprachen: Englisch A1-C1,SPEN01,10,,15,,,,,,,
HAK,Handelsakademie,,Kollaboratives Arbeiten,DLBKA01,5,,15,,,,,,,
HAK,Handelsakademie,,Kosten- und Leistungsrechnung I,BKLR01-01,3,,15,,,,,,,
HAK,Handelsakademie,,Kosten- und Leistungsrechnung II,BKLR02-01,2,,15,,,,,,,
HAK,Handelsakademie,,Marketing I,BMAR01-01,3,,15,,,,,,,
HAK,Handelsakademie,,Projekt: Unternehmensgründung,DLBBWPUG01,5,,15,,,,,,,
HAK,Handelsakademie,,Unternehmensplanspiel,BUPL01,5,,15,,,,,,,
,,,,,,,,,,,,,,
Hotelfachmann mit Zusatz Hotelmanagement,,,Buchführung und Bilanzierung I (Einführung),BBUB01-01,3,,16,,,,,,,
Hotelfachmann mit Zusatz Hotelmanagement,,,BWL I (Einführung),BBWL01,3,,16,,,,,,,
Hotelfachmann mit Zusatz Hotelmanagement,,,Computer Training,BCTR01-01,5,,16,,,,,,,
Hotelfachmann mit Zusatz Hotelmanagement,,,Marketing I,BMAR01-01,3,,16,,,,,,,
Hotelfachmann mit Zusatz Hotelmanagement,,,Selbst- und Zeitmanagement,BWIR02,5,,16,,,,,,,
,,,,,,,,,,,,,,
Hotelfachmann,,,BWL I (Einführung),BBWL01,3,,17,,,,,,,
Hotelfachmann,,,Computer Training,BCTR01-01,5,,17,,,,,,,
Hotelfachmann,,,Marketing I,BMAR01-01,3,,17,,,,,,,
Hotelfachmann,,,Selbst- und Zeitmanagement,BWIR02,5,,17,,,,,,,
,,,,,,,,,,,,,,
Hotelkaufmann,,,Buchführung und Bilanzierung I (Einführung),BBUB01-01,3,,18,,,,,,,
Hotelkaufmann,,,BWL I (Einführung),BBWL01,3,,18,,,,,,,
Hotelkaufmann,,,Computer Training,BCTR01-01,5,,18,,,,,,,
Hotelkaufmann,,,Kosten- und Leistungsrechnung I (Einführung),BKLR01,3,,18,,,,,,,
Hotelkaufmann,,,Personalwesen I (Einführung),BPER01,3,,18,,,,,,,
Hotelkaufmann,,,Selbst- und Zeitmanagement,BWIR02,5,,18,,,,,,,
,,,,,,,,,,,,,,
Höhere technische Lehranstalt,HTL,,Beschaffung und Logistik,BBLO01,5,,19,,,,,,,
Höhere technische Lehranstalt,HTL,,Buchführung und Bilanzierung I (Einführung),BBUB01-01,3,,19,,,,,,,
Höhere technische Lehranstalt,HTL,,BWL I (Einführung),BBWL01,3,,19,,,,,,,
Höhere technische Lehranstalt,HTL,,Computer Training,BCTR01-01,5,,19,,,,,,,
Höhere technische Lehranstalt,HTL,,Finanzierung I (Einführung),BFIN01,3,,19,,,,,,,
Höhere technische Lehranstalt,HTL,,Kosten- und Leistungsrechnung I (Einführung),BKLR01,3,,19,,,,,,,
Höhere technische Lehranstalt,HTL,,Marketing I,BMAR01-01,3,,19,,,,,,,
Höhere technische Lehranstalt,HTL,,Personalwesen I (Einführung),BPER01,3,,19,,,,,,,
Höhere technische Lehranstalt,HTL,,Recht I (Einführung),BREC01-01,3,,19,,,,,,,
Höhere technische Lehranstalt,HTL,,Selbst- und Zeitmanagement,BWIR02,5,,19,,,,,,,
,,,,,,,,,,,,,,
Immobilienkaufmann,IHK,,Buchführung und Bilanzierung I (Einführung),BBUB01-01,3,,20,,,,,,,
Immobilienkaufmann,IHK,,BWL I (Einführung),BBWL01,3,,20,,,,,,,
Immobilienkaufmann,IHK,,Computer Training,BCTR01-01,5,,20,,,,,,,
Immobilienkaufmann,IHK,,Immobilienmanagement I,BWIM01,5,,21,,,,,,,
Immobilienkaufmann,IHK,,Kosten- und Leistungsrechnung I (Einführung),BKLR01,3,,21,,,,,,,
Immobilienkaufmann,IHK,,Marketing I,BMAR01-01,3,,21,,,,,,,
Immobilienkaufmann,IHK,,Ökonomie und Markt,DLBOUM01,5,,21,,,,,,,
Immobilienkaufmann,IHK,,Projektmanagement,BPMG01,5,,22,,,,,,,
Immobilienkaufmann,IHK,,Recht I (Einführung),BREC01-01,3,,22,,,,,,,
Immobilienkaufmann,IHK,,Selbst- und Zeitmanagement,BWIR02,5,,22,,,,,,,
Immobilienkaufmann,IHK,,Steuerlehre I (Einführung),BSTE01-01,3,,22,,,,,,,
,,,,,,,,,,,,,,
Industriekaufmann,IHK,,Buchführung und Bilanzierung I (Einführung),BBUB01-01,3,,23,,,,,,,
Industriekaufmann,IHK,,BWL I (Einführung),BBWL01,3,,23,,,,,,,
Industriekaufmann,IHK,,Computer Training,BCTR01-01,5,,23,,,,,,,
Industriekaufmann,IHK,,Kosten- und Leistungsrechnung I (Einführung),BKLR01,3,,23,,,,,,,
Industriekaufmann,IHK,,Marketing I,BMAR01-01,3,,23,,,,,,,
Industriekaufmann,IHK,,Selbst- und Zeitmanagement,BWIR02,5,,23,,,,,,,
,,,,,,,,,,,,,,
Informatikkaufmann,,,BWL I (Einführung),BBWL01,3,,24,,,,,,,
Informatikkaufmann,,,Grundlagen der industriellen Softwaretechnik,IGIS01,5,,24,,,,,,,
Informatikkaufmann,,,Grundlagen der objektorientierten Programmierung mit Java,IOBP01,5,,24,,,,,,,
Informatikkaufmann,,,Kosten- und Leistungsrechnung I (Einführung),BKLR01,3,,24,,,,,,,
Informatikkaufmann,,,Requirements Engineering,IREN01,5,,24,,,,,,,
Informatikkaufmann,,,Selbst- und Zeitmanagement,BWIR02,5,,24,,,,,,,
,,,,,,,,,,,,,,
Informationstechnisher Assistent,,,BWL I (Einführung),BBWL01,3,,25,,,,,,,
Informationstechnisher Assistent,,,Datenmodellierung und Datenbanksysteme,IDBS01,5,,25,,,,,,,
Informationstechnisher Assistent,,,Grundlagen der industriellen Softwaretechnik,IGIS01,5,,25,,,,,,,
Informationstechnisher Assistent,,,Grundlagen der objektorientierten Programmierung mit Java,IOBP01,5,,25,,,,,,,
Informationstechnisher Assistent,,,Selbst- und Zeitmanagement,BWIR02,5,,25,,,,,,,
,,,,,,,,,,,,,,
IT Systemelektroniker,,,BWL I (Einführung),BBWL01,3,,26,,,,,,,
IT Systemelektroniker,,,Grundlagen der industriellen Softwaretechnik,IGIS01,5,,26,,,,,,,
IT Systemelektroniker,,,Grundlagen der objektorientierten Programmierung mit Java,IOBP01,5,,26,,,,,,,
IT Systemelektroniker,,,Kosten- und Leistungsrechnung I (Einführung),BKLR01,3,,26,,,,,,,
IT Systemelektroniker,,,Marketing I (Einführung),BMAR01,3,,26,,,,,,,
IT Systemelektroniker,,,Selbst- und Zeitmanagement,BWIR02,5,,26,,,,,,,
,,,,,,,,,,,,,,
IT Systemkaufmann,,,BWL I (Einführung),BBWL01,3,,27,,,,,,,
IT Systemkaufmann,,,Datenmodellierung und Datenbanksysteme,IDBS01,5,,27,,,,,,,
IT Systemkaufmann,,,Grundlagen der industriellen Softwaretechnik,IGIS01,5,,27,,,,,,,
IT Systemkaufmann,,,Grundlagen der objektorientierten Programmierung mit Java,IOBP01,5,,27,,,,,,,
IT Systemkaufmann,,,Kosten- und Leistungsrechnung I (Einführung),BKLR01,3,,27,,,,,,,
IT Systemkaufmann,,,Marketing I (Einführung),BMAR01,3,,27,,,,,,,
IT Systemkaufmann,,,Selbst- und Zeitmanagement,BWIR02,5,,27,,,,,,,
IT Systemkaufmann,,,Buchführung und Bilanzierung I (Einführung),BBUB01-01,3,,27,,,,,,,
,,,,,,,,,,,,,,
Justizfachangestellter,,,Einführung in das Wirtschaftsprivatrecht I,DLRWPR01,5,,28,,,,,,,
Justizfachangestellter,,,Schuldrecht I (Einführung),DLRSCR01,5,,28,,,,,,,
Justizfachangestellter,,,Selbst- und Zeitmanagement,BWIR02,5,,28,,,,,,,
Justizfachangestellter,,,Zivilprozessrecht,DLRZPR01,5,,28,,,,,,,
,,,,,,,,,,,,,,
Kaufmann für Bürokommunikation,,,Buchführung und Bilanzierung I (Einführung),BBUB01-01,3,,29,,,,,,,
Kaufmann für Bürokommunikation,,,BWL I (Einführung),BBWL01,3,,29,,,,,,,
Kaufmann für Bürokommunikation,,,Computer Training,BCTR01-01,5,,29,,,,,,,
Kaufmann für Bürokommunikation,,,Kosten- und Leistungsrechnung I (Einführung),BKLR01,3,,29,,,,,,,
Kaufmann für Bürokommunikation,,,Selbst- und Zeitmanagement,BWIR02,5,,29,,,,,,,
,,,,,,,,,,,,,,
Kaufmann für Büromanagement,,,Buchführung und Bilanzierung I (Einführung),BBUB01-01,3,,30,,,,,,,
Kaufmann für Büromanagement,,,BWL I,BBWL01-01,3,,30,,,,,,,
Kaufmann für Büromanagement,,,Computer Training,BCTR01-01,5,,30,,,,,,,
Kaufmann für Büromanagement,,,Kollaboratives Arbeiten,DLBKA01,5,,30,,,,,,,
Kaufmann für Büromanagement,,,Kosten- und Leistungsrechnung I,BKLR01-01,3,,30,,,,,,,
Kaufmann für Büromanagement,,,Marketing I,BMAR01-01,3,,30,,,,,,,
Kaufmann für Büromanagement,,,Recht I (Einführung),BREC01-02,3,,30,,,,,,,
,,,,,,,,,,,,,,
Kaufmann für Dialogmarketing,,,Buchführung und Bilanzierung I (Einführung),BBUB01-01,3,,30,,,,,,,
Kaufmann für Dialogmarketing,,,BWL I (Einführung),BBWL01,3,,30,,,,,,,
Kaufmann für Dialogmarketing,,,Computer Training,BCTR01-01,5,,30,,,,,,,
Kaufmann für Dialogmarketing,,,Kosten- und Leistungsrechnung I (Einführung),BKLR01,3,,30,,,,,,,
Kaufmann für Dialogmarketing,,,Marketing I,BMAR01-01,3,,30,,,,,,,
Kaufmann für Dialogmarketing,,,Projektmanagement,BPMG01,5,,30,,,,,,,
Kaufmann für Dialogmarketing,,,Selbst- und Zeitmanagement,BWIR02,5,,30,,,,,,,
,,,,,,,,,,,,,,
Kaufmann für Einzelhandel,,,Buchführung und Bilanzierung I (Einführung),BBUB01-01,3,,31,,,,,,,
Kaufmann für Einzelhandel,,,BWL I (Einführung),BBWL01,3,,31,,,,,,,
Kaufmann für Einzelhandel,,,Computer Training,BCTR01-01,5,,31,,,,,,,
Kaufmann für Einzelhandel,,,Kosten- und Leistungsrechnung I (Einführung),BKLR01,3,,31,,,,,,,
Kaufmann für Einzelhandel,,,Marketing I,BMAR01-01,3,,31,,,,,,,
Kaufmann für Einzelhandel,,,Selbst- und Zeitmanagement,BWIR02,5,,31,,,,,,,
Kaufmann für Einzelhandel,,,Personalwesen I (Einführung),BPER01,3,,31,,,,,,,
,,,,,,,,,,,,,,
Kaufmann für Gesundheitswesen,IHK,,Buchführung und Bilanzierung I (Einführung),BBUB01-01,3,,32,,,,,,,
Kaufmann für Gesundheitswesen,IHK,,BWL I (Einführung),BBWL01,3,,32,,,,,,,
Kaufmann für Gesundheitswesen,IHK,,Computer Training,BCTR01-01,5,,32,,,,,,,
Kaufmann für Gesundheitswesen,IHK,,Investition I (Einführung),BINV01,3,,32,,,,,,,
Kaufmann für Gesundheitswesen,IHK,,Kosten- und Leistungsrechnung I (Einführung),BKLR01,3,,32,,,,,,,
Kaufmann für Gesundheitswesen,IHK,,Marketing I,BMAR01-01,3,,32,,,,,,,
Kaufmann für Gesundheitswesen,IHK,,Selbst- und Zeitmanagement,BWIR02,5,,32,,,,,,,
Kaufmann für Gesundheitswesen,IHK,,Personalwesen I (Einführung),BPER01,3,,32,,,,,,,
,,,,,,,,,,,,,,
Kaufmann für Groß- und Außenhandel,,,Buchführung und Bilanzierung I (Einführung),BBUB01-01,3,,33,,,,,,,
Kaufmann für Groß- und Außenhandel,,,Business Controlling I,BWBC01,5,,33,,,,,,,
Kaufmann für Groß- und Außenhandel,,,BWL I (Einführung),BBWL01,3,,33,,,,,,,
Kaufmann für Groß- und Außenhandel,,,Computer Training,BCTR01-01,5,,33,,,,,,,
Kaufmann für Groß- und Außenhandel,,,Kosten- und Leistungsrechnung I (Einführung),BKLR01,3,,33,,,,,,,
Kaufmann für Groß- und Außenhandel,,,Marketing I,BMAR01-01,3,,33,,,,,,,
Kaufmann für Groß- und Außenhandel,,,Selbst- und Zeitmanagement,BWIR02,5,,33,,,,,,,
Kaufmann für Groß- und Außenhandel,,,Personalwesen I (Einführung),BPER01,3,,33,,,,,,,
,,,,,,,,,,,,,,
Kaufmann für Marketingkommunikation,,,Buchführung und Bilanzierung I (Einführung),BBUB01-01,3,,34,,,,,,,
Kaufmann für Marketingkommunikation,,,BWL I (Einführung),BBWL01,3,,34,,,,,,,
Kaufmann für Marketingkommunikation,,,Computer Training,BCTR01-01,5,,34,,,,,,,
Kaufmann für Marketingkommunikation,,,Kosten- und Leistungsrechnung I (Einführung),BKLR01,3,,34,,,,,,,
Kaufmann für Marketingkommunikation,,,Marketing I,BMAR01-01,3,,34,,,,,,,
Kaufmann für Marketingkommunikation,,,Marketing II,BMAR02-01,2,,34,,,,,,,
Kaufmann für Marketingkommunikation,,,Marktforschung,BMFO01,5,,34,,,,,,,
Kaufmann für Marketingkommunikation,,,Selbst- und Zeitmanagement,BWIR02,5,,34,,,,,,,
,,,,,,,,,,,,,,
Kaufmann für Spedtion und Logistik,,,Buchführung und Bilanzierung I (Einführung),BBUB01-01,3,,35,,,,,,,
Kaufmann für Spedtion und Logistik,,,BWL I (Einführung),BBWL01,3,,35,,,,,,,
Kaufmann für Spedtion und Logistik,,,Computer Training,BCTR01-01,5,,35,,,,,,,
Kaufmann für Spedtion und Logistik,,,Kosten- und Leistungsrechnung I (Einführung),BKLR01,3,,35,,,,,,,
Kaufmann für Spedtion und Logistik,,,Selbst- und Zeitmanagement,BWIR02,5,,35,,,,,,,
Kaufmann für Spedtion und Logistik,,,Marketing I,BMAR01-01,3,,35,,,,,,,
,,,,,,,,,,,,,,
Kaufmann für Tourismus und Freizeit,,,Buchführung und Bilanzierung I (Einführung),BBUB01-01,3,,36,,,,,,,
Kaufmann für Tourismus und Freizeit,,,BWL I (Einführung),BBWL01,3,,36,,,,,,,
Kaufmann für Tourismus und Freizeit,,,Computer Training,BCTR01-01,5,,36,,,,,,,
Kaufmann für Tourismus und Freizeit,,,Kosten- und Leistungsrechnung I (Einführung),BKLR01,3,,36,,,,,,,
Kaufmann für Tourismus und Freizeit,,,Marketing I,BMAR01-01,3,,36,,,,,,,
Kaufmann für Tourismus und Freizeit,,,Projektmanagement,BPMG01,5,,36,,,,,,,
Kaufmann für Tourismus und Freizeit,,,Selbst- und Zeitmanagement,BWIR02,5,,36,,,,,,,
,,,,,,,,,,,,,,
Kaufmann für Verkehrsservice,,,Buchführung und Bilanzierung I (Einführung),BBUB01-01,3,,37,,,,,,,
Kaufmann für Verkehrsservice,,,BWL I (Einführung),BBWL01,3,,37,,,,,,,
Kaufmann für Verkehrsservice,,,Computer Training,BCTR01-01,5,,37,,,,,,,
Kaufmann für Verkehrsservice,,,Kosten- und Leistungsrechnung I (Einführung),BKLR01,3,,37,,,,,,,
Kaufmann für Verkehrsservice,,,Marketing I,BMAR01-01,3,,37,,,,,,,
Kaufmann für Verkehrsservice,,,Recht I (Einführung),BREC01-01,3,,37,,,,,,,
Kaufmann für Verkehrsservice,,,Selbst- und Zeitmanagement,BWIR02,5,,37,,,,,,,
,,,,,,,,,,,,,,
Luftverkehrskaufmann,,,Buchführung und Bilanzierung I (Einführung),BBUB01-01,3,,38,,,,,,,
Luftverkehrskaufmann,,,BWL I (Einführung),BBWL01,3,,38,,,,,,,
Luftverkehrskaufmann,,,Computer Training,BCTR01-01,5,,38,,,,,,,
Luftverkehrskaufmann,,,Kosten- und Leistungsrechnung I (Einführung),BKLR01,3,,38,,,,,,,
Luftverkehrskaufmann,,,Marketing I,BMAR01-01,3,,38,,,,,,,
Luftverkehrskaufmann,,,Selbst- und Zeitmanagement,BWIR02,5,,38,,,,,,,
,,,,,,,,,,,,,,
Medienkaufmann Digital und Print,,,Buchführung und Bilanzierung I (Einführung),BBUB01-01,3,,39,,,,,,,
Medienkaufmann Digital und Print,,,BWL I (Einführung),BBWL01,3,,39,,,,,,,
Medienkaufmann Digital und Print,,,Computer Training,BCTR01-01,5,,39,,,,,,,
Medienkaufmann Digital und Print,,,Kosten- und Leistungsrechnung I (Einführung),BKLR01,3,,39,,,,,,,
Medienkaufmann Digital und Print,,,Marketing I,BMAR01-01,3,,39,,,,,,,
Medienkaufmann Digital und Print,,,Selbst- und Zeitmanagement,BWIR02,5,,39,,,,,,,
,,,,,,,,,,,,,,
Personaldienstleistungskaufmann,,,Advanced Leadership I (Einführung),BWAF01,5,,40,,,,,,,
Personaldienstleistungskaufmann,,,Buchführung und Bilanzierung I (Einführung),BBUB01-01,3,,40,,,,,,,
Personaldienstleistungskaufmann,,,BWL I (Einführung),BBWL01,3,,40,,,,,,,
Personaldienstleistungskaufmann,,,Computer Training,BCTR01-01,5,,40,,,,,,,
Personaldienstleistungskaufmann,,,Personalwesen I (Einführung),BPER01,3,,40,,,,,,,
Personaldienstleistungskaufmann,,,Personalwesen II (Vertiefung),BPER02,2,,40,,,,,,,
Personaldienstleistungskaufmann,,,Selbst- und Zeitmanagement,BWIR02,5,,40,,,,,,,
,,,,,,,,,,,,,,
Rechtsanwaltfachangestellter,,,Buchführung und Bilanzierung I (Einführung),BBUB01-01,3,,41,,,,,,,
Rechtsanwaltfachangestellter,,,BWL I (Einführung),BBWL01,3,,41,,,,,,,
Rechtsanwaltfachangestellter,,,Grundlagen des bürgerlichen Rechts I,DLRGBR01,5,,41,,,,,,,
Rechtsanwaltfachangestellter,,,Personalwesen I (Einführung),BPER01,3,,41,,,,,,,
Rechtsanwaltfachangestellter,,,Schuldrecht I (Einführung),DLRSCR01,5,,41,,,,,,,
Rechtsanwaltfachangestellter,,,Selbst- und Zeitmanagement,BWIR02,5,,41,,,,,,,
Rechtsanwaltfachangestellter,,,Zivilprozessrecht,DLRZPR01,5,,41,,,,,,,
,,,,,,,,,,,,,,
Reieverkehrskaufmann,,,Buchführung und Bilanzierung I (Einführung),BBUB01-01,3,,42,,,,,,,
Reieverkehrskaufmann,,,BWL I (Einführung),BBWL01,3,,42,,,,,,,
Reieverkehrskaufmann,,,Computer Training,BCTR01-01,5,,42,,,,,,,
Reieverkehrskaufmann,,,Kosten- und Leistungsrechnung I (Einführung),BKLR01,3,,42,,,,,,,
Reieverkehrskaufmann,,,Marketing I,BMAR01-01,3,,42,,,,,,,
Reieverkehrskaufmann,,,Projektmanagement,BPMG01,5,,42,,,,,,,
Reieverkehrskaufmann,,,Recht I (Einführung),BREC01-01,3,,42,,,,,,,
Reieverkehrskaufmann,,,Selbst- und Zeitmanagement,BWIR02,5,,42,,,,,,,
,,,,,,,,,,,,,,
Restaurantfachmann,,,BWL I (Einführung),BBWL01,3,,43,,,,,,,
Restaurantfachmann,,,Computer Training,BCTR01-01,5,,43,,,,,,,
Restaurantfachmann,,,Marketing I,BMAR01-01,3,,43,,,,,,,
Restaurantfachmann,,,Selbst- und Zeitmanagement,BWIR02,5,,43,,,,,,,
,,,,,,,,,,,,,,
Servicekaufmann im Luftverkehr,,,Buchführung und Bilanzierung I (Einführung),BBUB01-01,3,,44,,,,,,,
Servicekaufmann im Luftverkehr,,,Computer Training,BCTR01-01,5,,44,,,,,,,
Servicekaufmann im Luftverkehr,,,Marketing I,BMAR01-01,3,,44,,,,,,,
Servicekaufmann im Luftverkehr,,,Selbst- und Zeitmanagement,BWIR02,5,,44,,,,,,,
,,,,,,,,,,,,,,
Sport- und Fitnesskaufmann,,,Buchführung und Bilanzierung I (Einführung),BBUB01-01,3,,45,,,,,,,
Sport- und Fitnesskaufmann,,,BWL I,BBWL01-01,3,,45,,,,,,,
Sport- und Fitnesskaufmann,,,Grundlagen der Trainings- und Ernährungslehre,DLBFOGTEL01,5,,45,,,,,,,
Sport- und Fitnesskaufmann,,,Kollaboratives Arbeiten,DLBKA01,5,,45,,,,,,,
Sport- und Fitnesskaufmann,,,Kosten- und Leistungsrechnung I,BKLR01-01,3,,45,,,,,,,
Sport- und Fitnesskaufmann,,,Marketing I,BMAR01-01,3,,45,,,,,,,
Sport- und Fitnesskaufmann,,,Personalwesen I (Einführung),BPER01-01,3,,45,,,,,,,
Sport- und Fitnesskaufmann,,,Recht I (Einführung),BREC01-02,3,,45,,,,,,,
,,,,,,,,,,,,,,
,,,,,,,,,,,,,,
Gesundheits- und Krankenpfleger,,,Computer Training,BCTR01-01,5,,46,,,,,,,
Gesundheits- und Krankenpfleger,,,Selbst- und Zeitmanagement,BWIR02,5,,46,,,,,,,
Gesundheits- und Krankenpfleger,,,Sozialpolitik,DLGSPO01,5,,46,,,,,,,
,,,,,,,,,,,,,,
gepr. kaufmännischer Assistent für Fremdsprachen,,,Buchführung und Bilanzierung I (Einführung),BBUB01-01,3,,47,,,,,,,
gepr. kaufmännischer Assistent für Fremdsprachen,,,BWL I (Einführung),BBWL01,3,,47,,,,,,,
gepr. kaufmännischer Assistent für Fremdsprachen,,,Computer Training,BCTR01-01,5,,47,,,,,,,
gepr. kaufmännischer Assistent für Fremdsprachen,,,Fremdsprachen: Englisch A1-C1,SPEN01,10,,47,,,,,,,
gepr. kaufmännischer Assistent für Fremdsprachen,,,Selbst- und Zeitmanagement,BWIR02,5,,47,,,,,,,
,,,,,,,,,,,,,,
Staatlich anerkannter Erzieher,,,Computer Training,BCTR01-01,5,,48,,,,,,,
Staatlich anerkannter Erzieher,,,Einführung in die Pädagogik der Kindheit,DLBSAKP101,5,,48,,,,,,,
Staatlich anerkannter Erzieher,,,Elternarbeit,DLBSAKP202,5,,48,,,,,,,
Staatlich anerkannter Erzieher,,,Frühkindliche Entwicklung,DLBSAKP102,5,,48,,,,,,,
Staatlich anerkannter Erzieher,,,Pädagogik,DLBSAPAED01,5,,48,,,,,,,
Staatlich anerkannter Erzieher,,,Praxisprojekt,BWPP01,10,,48,,,,,,,
Staatlich anerkannter Erzieher,,,Psychologie,DLBSAPSY01,5,,48,,,,,,,
Staatlich anerkannter Erzieher,,,Selbst- und Zeitmanagement,BWIR02,5,,48,,,,,,,
Staatlich anerkannter Erzieher,,,"Sozialgeschichte, Philosophie, Ethik",DLBSASPE01,5,,48,,,,,,,
Staatlich anerkannter Erzieher,,,Sozialpolitik,DLGSPO01,5,,48,,,,,,,
Staatlich anerkannter Erzieher,,,Sozialrecht,DLBSASOR01,5,,48,,,,,,,
Staatlich anerkannter Erzieher,,,Soziologie,DLBSASO01,5,,48,,,,,,,
Staatlich anerkannter Erzieher,,,"Supervision, Intervision, Coaching",DLBSASIC01,5,,48,,,,,,,
Staatlich anerkannter Erzieher,,,Inklusion,DLBHPINK01,5,,48,,,,,,,
,,,,,,,,,,,,,,
Staatlich anerkannter Heilerziehungspfleger,,,Computer Training,BCTR01-01,5,,49,,,,,,,
Staatlich anerkannter Heilerziehungspfleger,,,Pädagogik,DLBSAPAED01,5,,49,,,,,,,
Staatlich anerkannter Heilerziehungspfleger,,,Praxisprojekt,BWPP01,10,,49,,,,,,,
Staatlich anerkannter Heilerziehungspfleger,,,Psychologie,DLBSAPSY01,5,,49,,,,,,,
Staatlich anerkannter Heilerziehungspfleger,,,Selbst- und Zeitmanagement,BWIR02,5,,49,,,,,,,
Staatlich anerkannter Heilerziehungspfleger,,,"Sozialgeschichte, Philosophie, Ethik",DLBSASPE01,5,,49,,,,,,,
Staatlich anerkannter Heilerziehungspfleger,,,Sozialpolitik,DLGSPO01,5,,49,,,,,,,
Staatlich anerkannter Heilerziehungspfleger,,,Sozialrecht,DLBSASOR01,5,,49,,,,,,,
Staatlich anerkannter Heilerziehungspfleger,,,Soziologie,DLBSASO01,5,,49,,,,,,,
Staatlich anerkannter Heilerziehungspfleger,,,Inklusion,DLBHPINK01,5,,49,,,,,,,
,,,,,,,,,,,,,,
Staatlich geprüfter Kinderpfleger,,,Computer Training,BCTR01-01,5,,50,,,,,,,
Staatlich geprüfter Kinderpfleger,,,Einführung in die Pädagogik der Kindheit,DLBSAKP101,5,,50,,,,,,,
Staatlich geprüfter Kinderpfleger,,,Frühkindliche Entwicklung,DLBSAKP102,5,,50,,,,,,,
Staatlich geprüfter Kinderpfleger,,,Pädagogik,DLBSAPAED01,5,,50,,,,,,,
Staatlich geprüfter Kinderpfleger,,,Psychologie,DLBSAPSY01,5,,50,,,,,,,
Staatlich geprüfter Kinderpfleger,,,Selbst- und Zeitmanagement,BWIR02,5,,50,,,,,,,
Staatlich geprüfter Kinderpfleger,,,"Sozialgeschichte, Philosophie, Ethik",DLBSASPE01,5,,50,,,,,,,
Staatlich geprüfter Kinderpfleger,,,Sozialrecht,DLBSASOR01,5,,50,,,,,,,
,,,,,,,,,,,,,,
Steuerfachangesteller,,,Buchführung und Bilanzierung I (Einführung),BBUB01-01,3,,51,,,,,,,
Steuerfachangesteller,,,BWL I (Einführung),BBWL01,3,,51,,,,,,,
Steuerfachangesteller,,,Computer Training,BCTR01-01,5,,51,,,,,,,
Steuerfachangesteller,,,Finanzierung I (Einführung),BFIN01,3,,51,,,,,,,
Steuerfachangesteller,,,Handelsrecht I (Einführung),BHRE01-01,3,,51,,,,,,,
Steuerfachangesteller,,,Kosten- und Leistungsrechnung I (Einführung),BKLR01,3,,51,,,,,,,
Steuerfachangesteller,,,Recht I (Einführung),BREC01-01,3,,51,,,,,,,
Steuerfachangesteller,,,Selbst- und Zeitmanagement,BWIR02,5,,51,,,,,,,
Steuerfachangesteller,,,Steuerlehre I (Einführung),BSTE01-01,3,,51,,,,,,,
Steuerfachangesteller,,,Steuerlehre II (Vertiefung),BSTE02-01,2,,51,,,,,,,
,,,,,,,,,,,,,,
Steuerfachgehilfe,,,Buchführung und Bilanzierung I (Einführung),BBUB01-01,3,,52,,,,,,,
Steuerfachgehilfe,,,BWL I (Einführung),BBWL01,3,,52,,,,,,,
Steuerfachgehilfe,,,Finanzierung I (Einführung),BFIN01,3,,52,,,,,,,
Steuerfachgehilfe,,,Handels- und Gesellschaftsrecht I: Handelsrecht,DLRHUG01,5,,52,,,,,,,
Steuerfachgehilfe,,,Kosten- und Leistungsrechnung I (Einführung),BKLR01,3,,52,,,,,,,
Steuerfachgehilfe,,,Selbst- und Zeitmanagement,BWIR02,5,,52,,,,,,,
,,,,,,,,,,,,,,
Tourismuskaufmann,,,Buchführung und Bilanzierung I (Einführung),BBUB01-01,3,,53,,,,,,,
Tourismuskaufmann,,,Computer Training,BCTR01-01,5,,53,,,,,,,
Tourismuskaufmann,,,Marketing I,BMAR01-01,3,,53,,,,,,,
Tourismuskaufmann,,,Projektmanagement,BPMG01,5,,53,,,,,,,
Tourismuskaufmann,,,Recht I (Einführung),BREC01-01,3,,53,,,,,,,
Tourismuskaufmann,,,Selbst- und Zeitmanagement,BWIR02,5,,53,,,,,,,
,,,,,,,,,,,,,,
Veranstaltungkaufmann,,,Buchführung und Bilanzierung I (Einführung),BBUB01-01,3,,54,,,,,,,
Veranstaltungkaufmann,,,BWL I (Einführung),BBWL01,3,,54,,,,,,,
Veranstaltungkaufmann,,,Computer Training,BCTR01-01,5,,54,,,,,,,
Veranstaltungkaufmann,,,Kosten- und Leistungsrechnung I (Einführung),BKLR01,3,,54,,,,,,,
Veranstaltungkaufmann,,,Personalwesen I (Einführung),BPER01,3,,54,,,,,,,
Veranstaltungkaufmann,,,Projektmanagement,BPMG01,5,,54,,,,,,,
Veranstaltungkaufmann,,,Selbst- und Zeitmanagement,BWIR02,5,,54,,,,,,,
,,,,,,,,,,,,,,
Versicherungskaufmann,,,Buchführung und Bilanzierung I (Einführung),BBUB01-01,3,,55,,,,,,,
Versicherungskaufmann,,,BWL I (Einführung),BBWL01,3,,55,,,,,,,
Versicherungskaufmann,,,Computer Training,BCTR01-01,5,,55,,,,,,,
Versicherungskaufmann,,,Kosten- und Leistungsrechnung I (Einführung),BKLR01,3,,55,,,,,,,
Versicherungskaufmann,,,Selbst- und Zeitmanagement,BWIR02,5,,55,,,,,,,
,,,,,,,,,,,,,,
Verwaltungsfachangestellter,,,Beschaffung und Logistik,BBLO01,5,,56,,,,,,,
Verwaltungsfachangestellter,,,Buchführung und Bilanzierung I (Einführung),BBUB01-01,3,,56,,,,,,,
Verwaltungsfachangestellter,,,BWL I (Einführung),BBWL01,3,,56,,,,,,,
Verwaltungsfachangestellter,,,Computer Training,BCTR01-01,5,,56,,,,,,,
Verwaltungsfachangestellter,,,Kosten- und Leistungsrechnung I (Einführung),BKLR01,3,,56,,,,,,,
Verwaltungsfachangestellter,,,Marketing I,BMAR01-01,3,,56,,,,,,,
Verwaltungsfachangestellter,,,Personalwesen I (Einführung),BPER01,3,,56,,,,,,,
Verwaltungsfachangestellter,,,Recht I (Einführung),BREC01-01,3,,56,,,,,,,
Verwaltungsfachangestellter,,,Selbst- und Zeitmanagement,BWIR02,5,,56,,,,,,,
,,,,,,,,,,,,,,
Fachkaufmann für Werbung und Kommunikation,IHK,,BWL I (Einführung),BBWL01,3,,57,,,,,,,
Fachkaufmann für Werbung und Kommunikation,IHK,,Computer Training,BCTR01-01,5,,57,,,,,,,
Fachkaufmann für Werbung und Kommunikation,IHK,,Makroökonomie I (Einführung),BMAK01,3,,57,,,,,,,
Fachkaufmann für Werbung und Kommunikation,IHK,,Marketing I (Einführung),BMAR01,3,,57,,,,,,,
Fachkaufmann für Werbung und Kommunikation,IHK,,Marketing II (Vertiefung),BMAR02,2,,57,,,,,,,
Fachkaufmann für Werbung und Kommunikation,IHK,,Mikroökonomie I,BMIK01-01,3,,57,,,,,,,
Fachkaufmann für Werbung und Kommunikation,IHK,,Recht I (Einführung),BREC01-01,3,,57,,,,,,,
Fachkaufmann für Werbung und Kommunikation,IHK,,Selbst- und Zeitmanagement,BWIR02,5,,57,,,,,,,
,,,,,,,,,,,,,,
Geprüfter Bankbetriebswirt,Frankfurt School of Finance,,Buchführung und Bilanzierung I (Einführung),BBUB01-01,3,,58,,,,,,,
Geprüfter Bankbetriebswirt,Frankfurt School of Finance,,BWL I (Einführung),BBWL01,3,,58,,,,,,,
Geprüfter Bankbetriebswirt,Frankfurt School of Finance,,BWL II (Vertiefung),BBWL02,2,,58,,,,,,,
Geprüfter Bankbetriebswirt,Frankfurt School of Finance,,Computer Training,BCTR01-01,5,,58,,,,,,,
Geprüfter Bankbetriebswirt,Frankfurt School of Finance,,Controlling I (Einführung),BCON01,3,,58,,,,,,,
Geprüfter Bankbetriebswirt,Frankfurt School of Finance,,Controlling II (Vertiefung),BCON02,2,,58,,,,,,,
Geprüfter Bankbetriebswirt,Frankfurt School of Finance,,Dienstleistungsmanagement,BDMG01,5,,58,,,,,,,
Geprüfter Bankbetriebswirt,Frankfurt School of Finance,,Handelsrecht I (Einführung),BHRE01-01,3,,58,,,,,,,
Geprüfter Bankbetriebswirt,Frankfurt School of Finance,,Investition I (Einführung),BINV01,3,,58,,,,,,,
Geprüfter Bankbetriebswirt,Frankfurt School of Finance,,Investition II (Vertiefung),BINV02,2,,58,,,,,,,
Geprüfter Bankbetriebswirt,Frankfurt School of Finance,,Kosten- und Leistungsrechnung I (Einführung),BKLR01,3,,58,,,,,,,
Geprüfter Bankbetriebswirt,Frankfurt School of Finance,,Marketing I (Einführung),BMAR01,3,,58,,,,,,,
Geprüfter Bankbetriebswirt,Frankfurt School of Finance,,Projektmanagement,BPMG01,5,,58,,,,,,,
Geprüfter Bankbetriebswirt,Frankfurt School of Finance,,Recht I (Einführung),BREC01-01,3,,58,,,,,,,
Geprüfter Bankbetriebswirt,Frankfurt School of Finance,,Selbst- und Zeitmanagement,BWIR02,5,,58,,,,,,,
,,,,,,,,,,,,,,
Geprüfter Bankfachwirt,Frankfurt School of Finance,,Buchführung und Bilanzierung I (Einführung),BBUB01-01,3,,59,,,,,,,
Geprüfter Bankfachwirt,Frankfurt School of Finance,,BWL I (Einführung),BBWL01,3,,59,,,,,,,
Geprüfter Bankfachwirt,Frankfurt School of Finance,,Computer Training,BCTR01-01,5,,59,,,,,,,
Geprüfter Bankfachwirt,Frankfurt School of Finance,,Controlling I (Einführung),BCON01,3,,59,,,,,,,
Geprüfter Bankfachwirt,Frankfurt School of Finance,,Handelsrecht I (Einführung),BHRE01-01,3,,59,,,,,,,
Geprüfter Bankfachwirt,Frankfurt School of Finance,,Investition I (Einführung),BINV01,3,,59,,,,,,,
Geprüfter Bankfachwirt,Frankfurt School of Finance,,Kosten- und Leistungsrechnung I (Einführung),BKLR01,3,,59,,,,,,,
Geprüfter Bankfachwirt,Frankfurt School of Finance,,Marketing I (Einführung),BMAR01,3,,59,,,,,,,
Geprüfter Bankfachwirt,Frankfurt School of Finance,,Recht I (Einführung),BREC01-01,3,,59,,,,,,,
Geprüfter Bankfachwirt,Frankfurt School of Finance,,Selbst- und Zeitmanagement,BWIR02,5,,59,,,,,,,
,,,,,,,,,,,,,,
Geprüfter Bankfachwirt,IHK,,Buchführung und Bilanzierung I (Einführung),BBUB01-01,3,,60,,,,,,,
Geprüfter Bankfachwirt,IHK,,BWL I (Einführung),BBWL01,3,,60,,,,,,,
Geprüfter Bankfachwirt,IHK,,Computer Training,BCTR01-01,5,,60,,,,,,,
Geprüfter Bankfachwirt,IHK,,Controlling I (Einführung),BCON01,3,,60,,,,,,,
Geprüfter Bankfachwirt,IHK,,Finanzierung I (Einführung),BFIN01,3,,60,,,,,,,
Geprüfter Bankfachwirt,IHK,,Handelsrecht I (Einführung),BHRE01-01,3,,60,,,,,,,
Geprüfter Bankfachwirt,IHK,,Investition I (Einführung),BINV01,3,,60,,,,,,,
Geprüfter Bankfachwirt,IHK,,Kosten- und Leistungsrechnung I (Einführung),BKLR01,3,,60,,,,,,,
Geprüfter Bankfachwirt,IHK,,Makroökonomie I (Einführung),BMAK01,3,,60,,,,,,,
Geprüfter Bankfachwirt,IHK,,Mikroökonomie I,BMIK01-01,3,,60,,,,,,,
Geprüfter Bankfachwirt,IHK,,Recht I (Einführung),BREC01-01,3,,60,,,,,,,
Geprüfter Bankfachwirt,IHK,,Selbst- und Zeitmanagement,BWIR02,5,,60,,,,,,,
,,,,,,,,,,,,,,
Geprüfter Betriebswirt - Schwerpunkt Marketing,IHK Bremen,,Buchführung und Bilanzierung I (Einführung),BBUB01-01,3,,61,,,,,,,
Geprüfter Betriebswirt - Schwerpunkt Marketing,IHK Bremen,,BWL I (Einführung),BBWL01,3,,61,,,,,,,
Geprüfter Betriebswirt - Schwerpunkt Marketing,IHK Bremen,,Computer Training,BCTR01-01,5,,61,,,,,,,
Geprüfter Betriebswirt - Schwerpunkt Marketing,IHK Bremen,,Controlling I (Einführung),BCON01,3,,61,,,,,,,
Geprüfter Betriebswirt - Schwerpunkt Marketing,IHK Bremen,,Einführung in das wissenschaftliche Arbeiten,BWIR01,5,,61,,,,,,,
Geprüfter Betriebswirt - Schwerpunkt Marketing,IHK Bremen,,Handelsrecht I (Einführung),BHRE01-01,3,,61,,,,,,,
Geprüfter Betriebswirt - Schwerpunkt Marketing,IHK Bremen,,Internationales Brand Management,BWMI02,5,,61,,,,,,,
Geprüfter Betriebswirt - Schwerpunkt Marketing,IHK Bremen,,Internationales Marketing,BWMI01,5,,61,,,,,,,
Geprüfter Betriebswirt - Schwerpunkt Marketing,IHK Bremen,,Investition I (Einführung),BINV01,3,,61,,,,,,,
Geprüfter Betriebswirt - Schwerpunkt Marketing,IHK Bremen,,Kosten- und Leistungsrechnung I (Einführung),BKLR01,3,,61,,,,,,,
Geprüfter Betriebswirt - Schwerpunkt Marketing,IHK Bremen,,Marketing I (Einführung),BMAR01,3,,61,,,,,,,
Geprüfter Betriebswirt - Schwerpunkt Marketing,IHK Bremen,,Marketing II (Vertiefung),BMAR02,2,,61,,,,,,,
Geprüfter Betriebswirt - Schwerpunkt Marketing,IHK Bremen,,Marktforschung,BMFO01,5,,61,,,,,,,
Geprüfter Betriebswirt - Schwerpunkt Marketing,IHK Bremen,,Projektmanagement,BPMG01,5,,61,,,,,,,
Geprüfter Betriebswirt - Schwerpunkt Marketing,IHK Bremen,,Recht I (Einführung),BREC01-01,3,,61,,,,,,,
Geprüfter Betriebswirt - Schwerpunkt Marketing,IHK Bremen,,Selbst- und Zeitmanagement,BWIR02,5,,61,,,,,,,
Geprüfter Betriebswirt - Schwerpunkt Marketing,IHK Bremen,,Wirtschaftsmathematik,BWMA01,5,,61,,,,,,,
,,,,,,,,,,,,,,
Geprüfter Betriebswirt - Schwerpunkt Rechnungswesen,IHK Bremen,,Buchführung und Bilanzierung I (Einführung),BBUB01-01,3,,62,,,,,,,
Geprüfter Betriebswirt - Schwerpunkt Rechnungswesen,IHK Bremen,,Buchführung und Bilanzierung II (Vertiefung),BBUB02-01,2,,62,,,,,,,
Geprüfter Betriebswirt - Schwerpunkt Rechnungswesen,IHK Bremen,,Business Controlling I,BWBC01,5,,62,,,,,,,
Geprüfter Betriebswirt - Schwerpunkt Rechnungswesen,IHK Bremen,,Business Controlling II,BWBC02,5,,62,,,,,,,
Geprüfter Betriebswirt - Schwerpunkt Rechnungswesen,IHK Bremen,,BWL I (Einführung),BBWL01,3,,62,,,,,,,
Geprüfter Betriebswirt - Schwerpunkt Rechnungswesen,IHK Bremen,,Computer Training,BCTR01-01,5,,62,,,,,,,
Geprüfter Betriebswirt - Schwerpunkt Rechnungswesen,IHK Bremen,,Controlling I (Einführung),BCON01,3,,62,,,,,,,
Geprüfter Betriebswirt - Schwerpunkt Rechnungswesen,IHK Bremen,,Controlling II (Vertiefung),BCON02,2,,62,,,,,,,
Geprüfter Betriebswirt - Schwerpunkt Rechnungswesen,IHK Bremen,,Einführung in das wissenschaftliche Arbeiten,BWIR01,5,,62,,,,,,,
Geprüfter Betriebswirt - Schwerpunkt Rechnungswesen,IHK Bremen,,Handelsrecht I (Einführung),BHRE01-01,3,,62,,,,,,,
Geprüfter Betriebswirt - Schwerpunkt Rechnungswesen,IHK Bremen,,Investition I (Einführung),BINV01,3,,62,,,,,,,
Geprüfter Betriebswirt - Schwerpunkt Rechnungswesen,IHK Bremen,,Kosten- und Leistungsrechnung I (Einführung),BKLR01,3,,62,,,,,,,
Geprüfter Betriebswirt - Schwerpunkt Rechnungswesen,IHK Bremen,,Marketing I (Einführung),BMAR01,3,,62,,,,,,,
Geprüfter Betriebswirt - Schwerpunkt Rechnungswesen,IHK Bremen,,Marktforschung,BMFO01,5,,62,,,,,,,
Geprüfter Betriebswirt - Schwerpunkt Rechnungswesen,IHK Bremen,,Projektmanagement,BPMG01,5,,62,,,,,,,
Geprüfter Betriebswirt - Schwerpunkt Rechnungswesen,IHK Bremen,,Recht I (Einführung),BREC01-01,3,,62,,,,,,,
Geprüfter Betriebswirt - Schwerpunkt Rechnungswesen,IHK Bremen,,Selbst- und Zeitmanagement,BWIR02,5,,62,,,,,,,
Geprüfter Betriebswirt - Schwerpunkt Rechnungswesen,IHK Bremen,,Wirtschaftsmathematik,BWMA01,5,,62,,,,,,,
,,,,,,,,,,,,,,
Geprüfter Betriebswirt,HWK,,Buchführung und Bilanzierung I (Einführung),BBUB01-01,3,,63,,,,,,,
Geprüfter Betriebswirt,HWK,,BWL I (Einführung),BBWL01,3,,63,,,,,,,
Geprüfter Betriebswirt,HWK,,BWL II (Vertiefung),BBWL02,2,,63,,,,,,,
Geprüfter Betriebswirt,HWK,,Computer Training,BCTR01-01,5,,63,,,,,,,
Geprüfter Betriebswirt,HWK,,Controlling I (Einführung),BCON01,3,,63,,,,,,,
Geprüfter Betriebswirt,HWK,,Handelsrecht I (Einführung),BHRE01-01,3,,63,,,,,,,
Geprüfter Betriebswirt,HWK,,Kosten- und Leistungsrechnung I (Einführung),BKLR01,3,,63,,,,,,,
Geprüfter Betriebswirt,HWK,,Marketing I (Einführung),BMAR01,3,,63,,,,,,,
Geprüfter Betriebswirt,HWK,,Recht I (Einführung),BREC01-01,3,,63,,,,,,,
Geprüfter Betriebswirt,HWK,,Selbst- und Zeitmanagement,BWIR02,5,,63,,,,,,,
,,,,,,,,,,,,,,
Geprüfter Betriebswirt,IHK,,Buchführung und Bilanzierung I (Einführung),BBUB01-01,3,,64,,,,,,,
Geprüfter Betriebswirt,IHK,,BWL I (Einführung),BBWL01,3,,64,,,,,,,
Geprüfter Betriebswirt,IHK,,Computer Training,BCTR01-01,5,,64,,,,,,,
Geprüfter Betriebswirt,IHK,,Controlling I (Einführung),BCON01,3,,64,,,,,,,
Geprüfter Betriebswirt,IHK,,Finanzierung I (Einführung),BFIN01,3,,64,,,,,,,
Geprüfter Betriebswirt,IHK,,Handelsrecht I (Einführung),BHRE01-01,3,,64,,,,,,,
Geprüfter Betriebswirt,IHK,,Investition I (Einführung),BINV01,3,,64,,,,,,,
Geprüfter Betriebswirt,IHK,,Kosten- und Leistungsrechnung I (Einführung),BKLR01,3,,64,,,,,,,
Geprüfter Betriebswirt,IHK,,Makroökonomie I (Einführung),BMAK01,3,,64,,,,,,,
Geprüfter Betriebswirt,IHK,,Marketing I (Einführung),BMAR01,3,,64,,,,,,,
Geprüfter Betriebswirt,IHK,,Mikroökonomie I,BMIK01-01,3,,64,,,,,,,
Geprüfter Betriebswirt,IHK,,Praxisprojekt,BWPP01,10,,64,,,,,,,
Geprüfter Betriebswirt,IHK,,Projektmanagement,BPMG01,5,,64,,,,,,,
Geprüfter Betriebswirt,IHK,,Recht I (Einführung),BREC01-01,3,,64,,,,,,,
Geprüfter Betriebswirt,IHK,,Selbst- und Zeitmanagement,BWIR02,5,,64,,,,,,,
Geprüfter Betriebswirt,IHK,,Steuerlehre I (Einführung),BSTE01-01,3,,64,,,,,,,
,,,,,,,,,,,,,,
Geprüfter Bilanzbuchhalter,IHK,,Buchführung und Bilanzierung I (Einführung),BBUB01-01,3,,65,,,,,,,
Geprüfter Bilanzbuchhalter,IHK,,Buchführung und Bilanzierung II (Vertiefung),BBUB02-01,2,,65,,,,,,,
Geprüfter Bilanzbuchhalter,IHK,,BWL I (Einführung),BBWL01,3,,65,,,,,,,
Geprüfter Bilanzbuchhalter,IHK,,Computer Training,BCTR01-01,5,,65,,,,,,,
Geprüfter Bilanzbuchhalter,IHK,,Controlling I (Einführung),BCON01,3,,65,,,,,,,
Geprüfter Bilanzbuchhalter,IHK,,Handelsrecht I (Einführung),BHRE01-01,3,,65,,,,,,,
Geprüfter Bilanzbuchhalter,IHK,,Investition I (Einführung),BINV01,3,,65,,,,,,,
Geprüfter Bilanzbuchhalter,IHK,,Kosten- und Leistungsrechnung I (Einführung),BKLR01,3,,65,,,,,,,
Geprüfter Bilanzbuchhalter,IHK,,Kosten- und Leistungsrechnung II (Vertiefung),BKLR02,2,,65,,,,,,,
Geprüfter Bilanzbuchhalter,IHK,,Recht I (Einführung),BREC01-01,3,,65,,,,,,,
Geprüfter Bilanzbuchhalter,IHK,,Selbst- und Zeitmanagement,BWIR02,5,,65,,,,,,,
,,,,,,,,,,,,,,
Geprüfter Controller,IHK,,Buchführung und Bilanzierung I (Einführung),BBUB01-01,3,,66,,,,,,,
Geprüfter Controller,IHK,,Buchführung und Bilanzierung II (Vertiefung),BBUB02-01,2,,66,,,,,,,
Geprüfter Controller,IHK,,Business Controlling I,BWBC01,5,,66,,,,,,,
Geprüfter Controller,IHK,,Business Controlling II,BWBC02,5,,66,,,,,,,
Geprüfter Controller,IHK,,BWL I (Einführung),BBWL01,3,,66,,,,,,,
Geprüfter Controller,IHK,,Computer Training,BCTR01-01,5,,66,,,,,,,
Geprüfter Controller,IHK,,Controlling I (Einführung),BCON01,3,,66,,,,,,,
Geprüfter Controller,IHK,,Controlling II (Vertiefung),BCON02,2,,66,,,,,,,
Geprüfter Controller,IHK,,Kosten- und Leistungsrechnung I (Einführung),BKLR01,3,,66,,,,,,,
Geprüfter Controller,IHK,,Kosten- und Leistungsrechnung II (Vertiefung),BKLR02,2,,66,,,,,,,
Geprüfter Controller,IHK,,Selbst- und Zeitmanagement,BWIR02,5,,66,,,,,,,
,,,,,,,,,,,,,,
Geprüfter Fachkaufmann für Außenwirtschaft,IHK,,Buchführung und Bilanzierung I (Einführung),BBUB01-01,3,,67,,,,,,,
Geprüfter Fachkaufmann für Außenwirtschaft,IHK,,Business Controlling I,BWBC01,5,,67,,,,,,,
Geprüfter Fachkaufmann für Außenwirtschaft,IHK,,BWL I (Einführung),BBWL01,3,,67,,,,,,,
Geprüfter Fachkaufmann für Außenwirtschaft,IHK,,Computer Training,BCTR01-01,5,,67,,,,,,,
Geprüfter Fachkaufmann für Außenwirtschaft,IHK,,Handelsrecht I (Einführung),BHRE01-01,3,,67,,,,,,,
Geprüfter Fachkaufmann für Außenwirtschaft,IHK,,Marketing I (Einführung),BMAR01,3,,67,,,,,,,
Geprüfter Fachkaufmann für Außenwirtschaft,,,Marktforschung,BMFO01,5,,67,,,,,,,
Geprüfter Fachkaufmann für Außenwirtschaft,,,Projektmanagement,BPMG01,5,,67,,,,,,,
Geprüfter Fachkaufmann für Außenwirtschaft,,,Recht I (Einführung),BREC01-01,3,,67,,,,,,,
Geprüfter Fachkaufmann für Außenwirtschaft,,,Selbst- und Zeitmanagement,BWIR02,5,,67,,,,,,,
,,,,,,,,,,,,,,
Geprüfter Fachkaufmann für Büro- und Projektorganisation,IHK,,Buchführung und Bilanzierung I (Einführung),BBUB01-01,3,,68,,,,,,,
Geprüfter Fachkaufmann für Büro- und Projektorganisation,IHK,,BWL I (Einführung),BBWL01,3,,68,,,,,,,
Geprüfter Fachkaufmann für Büro- und Projektorganisation,IHK,,Computer Training,BCTR01-01,5,,68,,,,,,,
Geprüfter Fachkaufmann für Büro- und Projektorganisation,IHK,,Controlling I (Einführung),BCON01,3,,68,,,,,,,
Geprüfter Fachkaufmann für Büro- und Projektorganisation,IHK,,IT-Aspekte des Projektmanagements,BWPM02,5,,68,,,,,,,
Geprüfter Fachkaufmann für Büro- und Projektorganisation,IHK,,Kosten- und Leistungsrechnung I (Einführung),BKLR01,3,,68,,,,,,,
Geprüfter Fachkaufmann für Büro- und Projektorganisation,IHK,,Projektmanagement,BPMG01,5,,68,,,,,,,
Geprüfter Fachkaufmann für Büro- und Projektorganisation,IHK,,Selbst- und Zeitmanagement,BWIR02,5,,68,,,,,,,
Geprüfter Fachkaufmann für Büro- und Projektorganisation,IHK,,Spezialaspekte des Projektmanagements,BWPM01,5,,68,,,,,,,
,,,,,,,,,,,,,,
Geprüfter Fachkaufmann für Büromanagement,IHK,,BWL I (Einführung),BBWL01,3,,69,,,,,,,
Geprüfter Fachkaufmann für Büromanagement,IHK,,Computer Training,BCTR01-01,5,,69,,,,,,,
Geprüfter Fachkaufmann für Büromanagement,IHK,,Personalwesen I (Einführung),BPER01,3,,69,,,,,,,
Geprüfter Fachkaufmann für Büromanagement,IHK,,Selbst- und Zeitmanagement,BWIR02,5,,69,,,,,,,
,,,,,,,,,,,,,,
Betriebswirtschaft I - 10 ECTS,DHfPG - Deutsche Hochschule für Prävention und Gesundheitsmanagement,,BWL I (Einführung),BBWL01,3,,70,,,,,,,
Wissenschaftliches Arbeiten I - 5 ECTS,DHfPG - Deutsche Hochschule für Prävention und Gesundheitsmanagement,,Wissenschaftliches Arbeiten,,5,,71,,,,,,,
,,,,,,,,,,,,,,
,,,,,,,,,,,,,,
Grundlagen der Betriebswirtschaftslehre - 5 ECTS,Hochschule Ansbach,,BWL I (Einführung),BBWL01,3,,72,,,,,,,
Angewandtes Projektmanagement - Handel und Dienstleistung I,Hochschule Ansbach,,Projektmanagement,BPMG01,5,,73,,,,,,,
Internationales Marketing,Hochschule Ansbach,,Internationales Marketing,BWMI01,5,,74,,,,,,,